,date,amount,bal
2,2017-01-29,-39.9,856.5
3,2017-01-29,-95.0,761.5
5,2017-01-30,-410.0,761.5
6,2017-01-30,-40.15,721.35
7,2017-01-30,-25.85,695.5
8,2017-01-31,-43.5,652.0
9,2017-01-31,-16.59,635.41
10,2017-01-31,-8.0,627.41
11,2017-01-31,-5.75,621.66
12,2017-01-31,-485.0,136.66
13,2017-01-31,-18.55,118.11
14,2017-01-31,-40.14,77.97
15,2017-01-31,-7.99,69.98
17,2017-02-01,-32.93,73.05
18,2017-02-01,-10.3,62.75
19,2017-02-01,-10.0,52.75
20,2017-02-01,-10.0,42.75
22,2017-02-02,-4.5,538.25
23,2017-02-03,-20.0,518.25
24,2017-02-03,-4.4,513.85
25,2017-02-03,-7.0,506.85
26,2017-02-04,-20.0,486.85
27,2017-02-04,-19.46,467.39
28,2017-02-04,-12.06,455.33
29,2017-02-04,-22.6,432.73
30,2017-02-04,-10.99,421.74
31,2017-02-06,-25.85,395.89
32,2017-02-07,-8.0,387.89
33,2017-02-08,-34.0,353.89
34,2017-02-08,-29.0,324.89
35,2017-02-09,-16.0,308.89
36,2017-02-09,-16.14,292.75
37,2017-02-09,-20.0,272.75
38,2017-02-10,-7.8,264.95
39,2017-02-11,-12.39,252.56
40,2017-02-13,-25.85,226.71
41,2017-02-14,-8.0,218.71
42,2017-02-14,-19.0,199.71
43,2017-02-14,-33.7,166.01
44,2017-02-14,-33.36,132.65
45,2017-02-14,-5.48,127.17
46,2017-02-14,-4.5,122.67
47,2017-02-14,-6.0,116.67
49,2017-02-14,-410.0,116.67
50,2017-02-14,-40.0,76.67
52,2017-02-14,-20.0,76.67
53,2017-02-15,-3.25,73.42
54,2017-02-15,-4.0,69.42
55,2017-02-15,-21.9,47.52
56,2017-02-15,-11.4,36.12
57,2017-02-15,-4.5,31.62
58,2017-02-15,-11.99,19.63
59,2017-02-15,3020.91,3040.54
62,2017-02-16,-100.0,1147.54
63,2017-02-16,-4.5,1143.04
64,2017-02-16,-8.79,1134.25
66,2017-02-16,-18.0,166.25
67,2017-02-17,-1.5,164.75
68,2017-02-17,-2.99,161.76
69,2017-02-17,-2.95,158.81
70,2017-02-18,-4.2,154.61
71,2017-02-18,-7.5,147.11
73,2017-02-20,-25.85,321.26
74,2017-02-21,-91.0,230.26
75,2017-02-21,-4.5,225.76
76,2017-02-21,-5.0,220.76
77,2017-02-21,-21.7,199.06
78,2017-02-21,-3.5,195.56
79,2017-02-21,-38.46,157.1
80,2017-02-21,-21.5,135.6
81,2017-02-21,-40.0,95.6
82,2017-02-21,-7.5,88.1
83,2017-02-21,-18.0,70.1
84,2017-02-21,-353.42,-283.32
85,2017-02-22,-7.0,-290.32
86,2017-02-22,-3.5,-293.82
87,2017-02-22,-2.99,-296.81
88,2017-02-22,-51.6,-348.41
89,2017-02-22,-4.5,-352.91
91,2017-02-22,-10.0,137.09
92,2017-02-23,-8.0,129.09
94,2017-02-23,-60.0,169.09
95,2017-02-24,-20.0,149.09
96,2017-02-24,-8.5,140.59
97,2017-02-24,-4.1,136.49
99,2017-02-25,-8.0,228.49
100,2017-02-25,-17.0,211.49
101,2017-02-25,-3.7,207.79
102,2017-02-25,-10.99,196.8
105,2017-02-27,-410.0,296.8
106,2017-02-27,-25.85,270.95
107,2017-02-28,-39.9,231.05
108,2017-02-28,-8.0,223.05
109,2017-02-28,-32.23,190.82
110,2017-02-28,-16.0,174.82
111,2017-02-28,-49.64,125.18
112,2017-02-28,-31.99,93.19
113,2017-02-28,-14.4,78.79
114,2017-02-28,-4.5,74.29
115,2017-02-28,-12.0,62.29
116,2017-02-28,-13.69,48.6
118,2017-03-01,-0.17,108.43
119,2017-03-01,-24.0,84.43
120,2017-03-01,-8.5,75.93
121,2017-03-01,-16.65,59.28
122,2017-03-01,205.0,264.28
123,2017-03-02,-15.14,249.14
124,2017-03-02,-6.0,243.14
125,2017-03-02,-7.0,236.14
126,2017-03-02,40.5,276.64
127,2017-03-02,-20.2,256.44
128,2017-03-02,163.6,420.04
129,2017-03-03,-162.0,258.04
130,2017-03-03,-18.5,239.54
131,2017-03-03,-4.0,235.54
132,2017-03-03,163.6,399.14
133,2017-03-03,163.6,562.74
134,2017-03-04,-4.5,558.24
135,2017-03-04,-2.99,555.25
136,2017-03-06,-25.85,529.4
137,2017-03-07,-5.0,524.4
138,2017-03-07,-164.9,359.5
139,2017-03-07,-13.5,346.0
140,2017-03-07,-4.5,341.5
141,2017-03-07,-4.5,337.0
142,2017-03-07,-6.0,331.0
143,2017-03-07,-5.6,325.4
144,2017-03-08,-4.5,320.9
145,2017-03-08,-2.5,318.4
146,2017-03-08,-11.66,306.74
147,2017-03-08,-22.35,284.39
148,2017-03-09,-20.0,264.39
149,2017-03-09,40.5,304.89
150,2017-03-09,-139.0,165.89
151,2017-03-10,-4.5,161.39
152,2017-03-10,-4.0,157.39
153,2017-03-10,-7.5,149.89
154,2017-03-10,-6.5,143.39
156,2017-03-11,-66.0,177.39
157,2017-03-11,-5.35,172.04
158,2017-03-12,-12.0,160.04
159,2017-03-12,35.5,195.54
161,2017-03-13,-410.0,195.54
163,2017-03-13,-90.0,205.54
164,2017-03-13,-25.85,179.69
165,2017-03-14,-4.8,174.89
166,2017-03-14,-7.61,167.28
167,2017-03-14,-25.5,141.78
168,2017-03-14,-4.5,137.28
169,2017-03-14,-3.99,133.29
170,2017-03-14,-7.5,125.79
172,2017-03-14,-143.59,12.2
173,2017-03-15,-10.0,2.2
174,2017-03-15,-5.98,-3.78
175,2017-03-15,-30.53,-34.31
176,2017-03-15,-11.99,-46.3
177,2017-03-15,-12.5,-58.8
178,2017-03-15,-8.63,-67.43
180,2017-03-15,3020.91,3453.48
183,2017-03-16,-100.0,1560.48
184,2017-03-16,-20.0,1540.48
185,2017-03-16,-19.35,1521.13
186,2017-03-16,-31.95,1489.18
187,2017-03-17,-8.1,1481.08
188,2017-03-17,-41.48,1439.6
189,2017-03-17,-17.85,1421.75
190,2017-03-17,-8.55,1413.2
191,2017-03-17,-5.0,1408.2
192,2017-03-17,-17.49,1390.71
193,2017-03-18,-6.5,1384.21
194,2017-03-20,-25.85,1358.36
195,2017-03-21,-2.5,1355.86
196,2017-03-21,-15.5,1340.36
197,2017-03-21,-8.1,1332.26
198,2017-03-21,-19.94,1312.32
199,2017-03-21,-15.0,1297.32
200,2017-03-21,-36.0,1261.32
201,2017-03-21,-11.99,1249.33
202,2017-03-21,-6.0,1243.33
203,2017-03-21,-20.0,1223.33
204,2017-03-22,-91.0,1132.33
205,2017-03-22,-4.0,1128.33
206,2017-03-22,-8.0,1120.33
207,2017-03-22,-4.5,1115.83
208,2017-03-22,-51.71,1064.12
209,2017-03-22,-1.8,1062.32
210,2017-03-22,-4.5,1057.82
211,2017-03-22,-52.0,1005.82
212,2017-03-22,-8.9,996.92
213,2017-03-22,-4.5,992.42
214,2017-03-23,-4.5,987.92
215,2017-03-23,-8.76,979.16
216,2017-03-23,-4.2,974.96
217,2017-03-23,-13.99,960.97
218,2017-03-23,-3.5,957.47
219,2017-03-23,-12.5,944.97
220,2017-03-23,-4.5,940.47
221,2017-03-23,-11.97,928.5
222,2017-03-23,-135.0,793.5
223,2017-03-23,71.7,865.2
224,2017-03-24,-3.6,861.6
225,2017-03-24,-4.4,857.2
226,2017-03-24,-18.4,838.8
227,2017-03-24,-7.0,831.8
228,2017-03-24,-5.0,826.8
229,2017-03-25,-7.4,819.4
230,2017-03-25,-7.5,811.9
231,2017-03-25,-7.9,804.0
232,2017-03-25,-6.0,798.0
233,2017-03-25,-10.81,787.19
234,2017-03-25,-18.0,769.19
235,2017-03-27,-410.0,359.19
236,2017-03-27,-25.85,333.34
237,2017-03-28,-39.9,293.44
238,2017-03-28,-4.1,289.34
239,2017-03-28,-9.77,279.57
240,2017-03-28,-7.05,272.52
241,2017-03-28,-8.29,264.23
242,2017-03-28,-4.2,260.03
243,2017-03-28,-16.79,243.24
244,2017-03-28,-3.75,239.49
245,2017-03-28,-4.5,234.99
246,2017-03-28,-53.98,181.01
247,2017-03-28,-3.5,177.51
248,2017-03-28,-20.0,157.51
249,2017-03-29,-15.0,142.51
250,2017-03-29,-2.99,139.52
251,2017-03-29,-5.92,133.6
252,2017-03-29,-4.5,129.1
253,2017-03-29,-11.99,117.11
254,2017-03-30,-4.5,112.61
255,2017-03-30,-3.38,109.23
256,2017-03-30,-4.2,105.03
257,2017-03-30,-26.24,78.79
259,2017-03-31,-4.2,274.59
260,2017-03-31,-4.5,270.09
261,2017-03-31,-5.0,265.09
262,2017-03-31,-5.0,260.09
263,2017-03-31,-22.53,237.56
264,2017-04-01,-3.6,233.96
265,2017-04-01,-4.2,229.76
266,2017-04-01,-0.01,229.75
267,2017-04-01,-0.06,229.69
268,2017-04-01,-80.0,149.69
269,2017-04-01,37.05,186.74
271,2017-04-03,-60.0,476.74
272,2017-04-03,-25.85,450.89
273,2017-04-04,-338.6,112.29
274,2017-04-04,-4.0,108.29
275,2017-04-04,-6.0,102.29
276,2017-04-04,-4.2,98.09
277,2017-04-04,-20.8,77.29
278,2017-04-04,-5.75,71.54
279,2017-04-04,-4.2,67.34
282,2017-04-05,-10.97,656.37
283,2017-04-05,-24.08,632.29
284,2017-04-05,-8.0,624.29
285,2017-04-05,-114.78,509.51
286,2017-04-06,-8.5,501.01
287,2017-04-06,-3.15,497.86
288,2017-04-06,-4.5,493.36
289,2017-04-06,-14.99,478.37
290,2017-04-06,-5.0,473.37
291,2017-04-06,-178.45,294.92
292,2017-04-07,-4.5,290.42
293,2017-04-07,-160.0,130.42
294,2017-04-07,-40.0,90.42
295,2017-04-07,15.0,105.42
296,2017-04-08,-25.0,80.42
297,2017-04-08,-4.5,75.92
298,2017-04-08,-15.0,60.92
299,2017-04-08,-9.0,51.92
300,2017-04-08,-15.35,36.57
303,2017-04-10,-410.0,236.57
304,2017-04-10,-25.85,210.72
305,2017-04-11,-4.5,206.22
306,2017-04-11,-5.75,200.47
307,2017-04-11,-7.0,193.47
309,2017-04-12,-3.5,689.97
310,2017-04-12,-4.7,685.27
311,2017-04-12,-12.9,672.37
312,2017-04-12,-4.5,667.87
313,2017-04-12,-58.16,609.71
314,2017-04-13,-6.0,603.71
315,2017-04-13,-4.4,599.31
316,2017-04-13,-12.99,586.32
317,2017-04-13,-20.9,565.42
318,2017-04-13,-4.5,560.92
319,2017-04-13,3020.92,3581.84
320,2017-04-14,-4.5,3577.34
321,2017-04-14,-95.0,3482.34
322,2017-04-14,-11.99,3470.35
323,2017-04-14,-18.74,3451.61
326,2017-04-16,-100.0,1558.61
327,2017-04-18,-25.85,1532.76
328,2017-04-19,-20.0,1512.76
329,2017-04-19,-4.0,1508.76
330,2017-04-19,-13.1,1495.66
331,2017-04-19,-20.75,1474.91
332,2017-04-19,-25.7,1449.21
333,2017-04-19,10.99,1460.2
334,2017-04-19,-46.11,1414.09
335,2017-04-19,-13.54,1400.55
336,2017-04-19,-9.73,1390.82
337,2017-04-19,-41.97,1348.85
338,2017-04-19,-63.99,1284.86
339,2017-04-19,-8.99,1275.87
340,2017-04-19,-11.54,1264.33
341,2017-04-19,-9.5,1254.83
342,2017-04-19,-12.08,1242.75
343,2017-04-19,-23.0,1219.75
344,2017-04-19,-4.2,1215.55
345,2017-04-19,-10.99,1204.56
346,2017-04-19,-10.99,1193.57
347,2017-04-19,-4.5,1189.07
348,2017-04-20,-19.49,1169.58
349,2017-04-20,-5.0,1164.58
350,2017-04-20,-4.5,1160.08
351,2017-04-20,-169.37,990.71
353,2017-04-21,-7.4,283.31
354,2017-04-21,-4.0,279.31
355,2017-04-21,-4.5,274.81
356,2017-04-22,-20.5,254.31
357,2017-04-22,-20.0,234.31
358,2017-04-22,-8.5,225.81
360,2017-04-22,-1986.0,225.81
364,2017-04-24,-410.0,725.81
365,2017-04-24,-25.85,699.96
366,2017-04-25,-9.13,690.83
367,2017-04-25,-6.8,684.03
368,2017-04-25,-12.99,671.04
369,2017-04-25,-26.0,645.04
370,2017-04-25,-28.0,617.04
371,2017-04-25,-15.8,601.24
372,2017-04-25,-17.99,583.25
373,2017-04-25,-7.5,575.75
376,2017-04-26,-143.95,1531.8
377,2017-04-26,-130.0,1401.8
378,2017-04-26,84.8,1486.6
379,2017-04-27,-20.0,1466.6
380,2017-04-27,31.02,1497.62
381,2017-04-27,-34.38,1463.24
382,2017-04-27,-4.9,1458.34
383,2017-04-27,-50.0,1408.34
384,2017-04-27,-38.67,1369.67
385,2017-04-27,-10.21,1359.46
386,2017-04-27,-8.75,1350.71
387,2017-04-27,-1.95,1348.76
388,2017-04-27,-18.4,1330.36
389,2017-04-27,-35.41,1294.95
390,2017-04-27,-189.0,1105.95
391,2017-04-28,-39.9,1066.05
392,2017-04-28,-8.7,1057.35
393,2017-04-28,-12.0,1045.35
394,2017-04-28,-41.54,1003.81
395,2017-04-29,-4.5,999.31
396,2017-04-29,-3.25,996.06
397,2017-04-29,-97.46,898.6
398,2017-04-29,-55.0,843.6
399,2017-04-29,-8.8,834.8
400,2017-04-29,-106.0,728.8
401,2017-04-29,-19.95,708.85
402,2017-04-29,-27.6,681.25
403,2017-04-29,-22.79,658.46
404,2017-04-29,-21.0,637.46
405,2017-05-01,-25.85,611.61
406,2017-05-02,-18.0,593.61
407,2017-05-02,-9.0,584.61
408,2017-05-02,-16.2,568.41
409,2017-05-02,-4.5,563.91
410,2017-05-03,-10.15,553.76
411,2017-05-03,-8.0,545.76
412,2017-05-03,-27.57,518.19
413,2017-05-03,-19.37,498.82
414,2017-05-03,-12.7,486.12
415,2017-05-03,-75.0,411.12
416,2017-05-03,-129.95,281.17
417,2017-05-04,-8.8,272.37
418,2017-05-04,-9.5,262.87
419,2017-05-05,-7.4,255.47
420,2017-05-05,-7.68,247.79
421,2017-05-06,-20.0,227.79
422,2017-05-06,-9.1,218.69
423,2017-05-06,-8.2,210.49
424,2017-05-06,-7.0,203.49
425,2017-05-06,-5.6,197.89
426,2017-05-06,-31.55,166.34
427,2017-05-06,-14.0,152.34
428,2017-05-06,100.0,252.34
429,2017-05-07,-45.0,207.34
430,2017-05-08,-6.2,201.14
431,2017-05-08,100.0,301.14
432,2017-05-08,-129.0,172.14
434,2017-05-08,-25.85,246.29
435,2017-05-09,-13.86,232.43
436,2017-05-09,-32.0,200.43
437,2017-05-09,-12.5,187.93
438,2017-05-09,-53.33,134.6
439,2017-05-09,-6.85,127.75
440,2017-05-09,-4.2,123.55
442,2017-05-10,-9.08,314.47
443,2017-05-10,-25.0,289.47
444,2017-05-10,-1.0,288.47
445,2017-05-10,-5.75,282.72
446,2017-05-10,-18.44,264.28
447,2017-05-10,-19.0,245.28
449,2017-05-10,-410.0,245.28
450,2017-05-11,-13.9,231.38
451,2017-05-11,-6.7,224.68
452,2017-05-11,-9.0,215.68
453,2017-05-12,-1.0,214.68
454,2017-05-12,-7.2,207.48
455,2017-05-12,-19.09,188.39
456,2017-05-12,-13.5,174.89
457,2017-05-12,-44.0,130.89
459,2017-05-13,-5.95,224.94
460,2017-05-13,-33.18,191.76
461,2017-05-13,-25.0,166.76
463,2017-05-14,44.0,310.76
464,2017-05-14,-6.8,303.96
465,2017-05-15,3020.92,3324.88
466,2017-05-15,-25.85,3299.03
469,2017-05-16,-100.0,1406.03
470,2017-05-16,-7.6,1398.43
471,2017-05-16,-19.69,1378.74
472,2017-05-16,-17.6,1361.14
473,2017-05-16,-7.09,1354.05
474,2017-05-16,-6.1,1347.95
475,2017-05-16,-40.3,1307.65
476,2017-05-16,-11.99,1295.66
477,2017-05-16,-3.49,1292.17
478,2017-05-16,49.4,1341.57
479,2017-05-17,-40.0,1301.57
480,2017-05-17,-8.99,1292.58
481,2017-05-18,-78.0,1214.58
482,2017-05-18,-11.89,1202.69
483,2017-05-18,-12.5,1190.19
484,2017-05-18,-75.0,1115.19
485,2017-05-18,37.05,1152.24
486,2017-05-19,-6.15,1146.09
487,2017-05-19,-6.69,1139.4
488,2017-05-19,-0.99,1138.41
489,2017-05-19,-9.99,1128.42
490,2017-05-19,-169.0,959.42
491,2017-05-19,-3.49,955.93
492,2017-05-19,20.0,975.93
493,2017-05-20,-55.0,920.93
494,2017-05-20,-6.13,914.8
495,2017-05-20,-22.5,892.3
496,2017-05-20,-32.0,860.3
497,2017-05-20,-39.25,821.05
498,2017-05-22,-410.0,411.05
499,2017-05-22,-326.32,84.73
500,2017-05-22,-25.85,58.88
501,2017-05-23,-20.0,38.88
502,2017-05-23,-8.4,30.48
503,2017-05-23,-8.9,21.58
504,2017-05-23,-7.7,13.88
506,2017-05-23,20.0,443.88
507,2017-05-23,82.0,525.88
508,2017-05-24,-25.48,500.4
509,2017-05-24,-6.0,494.4
510,2017-05-24,-60.0,434.4
511,2017-05-24,-6.2,428.2
512,2017-05-24,-4.5,423.7
514,2017-05-24,81.58,705.28
515,2017-05-25,-5.3,699.98
516,2017-05-25,-2.0,697.98
517,2017-05-25,-7.4,690.58
520,2017-05-25,42.9,755.89
521,2017-05-25,61.53,817.42
522,2017-05-26,-11.0,806.42
523,2017-05-26,-347.0,459.42
524,2017-05-26,-18.0,441.42
525,2017-05-26,81.58,523.0
526,2017-05-27,-4.5,518.5
527,2017-05-27,-50.62,467.88
528,2017-05-27,-5.6,462.28
529,2017-05-29,-5.0,457.28
530,2017-05-30,-39.9,417.38
531,2017-05-30,-4.99,412.39
532,2017-05-30,-10.99,401.4
533,2017-05-30,-10.95,390.45
534,2017-05-30,-79.0,311.45
535,2017-05-30,-19.95,291.5
536,2017-05-30,-41.0,250.5
537,2017-05-30,-23.02,227.48
538,2017-05-30,-7.5,219.98
539,2017-06-01,-0.04,219.94
540,2017-06-02,36.28,256.22
541,2017-06-03,-10.47,245.75
542,2017-06-05,-60.0,185.75
544,2017-06-05,-410.0,185.75
545,2017-06-05,-5.0,180.75
546,2017-06-07,10.99,191.74
547,2017-06-07,-10.99,180.75
548,2017-06-07,-162.6,18.15
549,2017-06-08,162.6,180.75
550,2017-06-08,-162.6,18.15
551,2017-06-09,-9.99,8.16
554,2017-06-12,-5.0,453.16
555,2017-06-13,-178.85,274.31
560,2017-06-14,-86.07,455.47
561,2017-06-14,-11.99,443.48
562,2017-06-14,-13.99,429.49
563,2017-06-14,-8.42,421.07
564,2017-06-14,5000.0,5421.07
565,2017-06-15,-18.0,5403.07
566,2017-06-15,-6.98,5396.09
567,2017-06-15,-5.4,5390.69
568,2017-06-15,5608.44,10999.13
572,2017-06-16,-17.95,9188.18
573,2017-06-16,-8.99,9179.19
574,2017-06-16,-14.99,9164.2
575,2017-06-16,-9.99,9154.21
576,2017-06-16,-3.49,9150.72
577,2017-06-16,-17.45,9133.27
578,2017-06-17,-10.0,9123.27
579,2017-06-17,-73.95,9049.32
580,2017-06-19,-410.0,8639.32
581,2017-06-19,12.0,8651.32
582,2017-06-19,-2278.9,6372.42
583,2017-06-19,-535.0,5837.42
586,2017-06-19,-25.85,1011.57
588,2017-06-20,-8.0,503.57
589,2017-06-20,-36.0,467.57
590,2017-06-20,12.0,479.57
591,2017-06-20,40.7,520.27
592,2017-06-21,-39.9,480.37
593,2017-06-21,-31.49,448.88
594,2017-06-21,-30.0,418.88
595,2017-06-21,-19.95,398.93
596,2017-06-21,-8.65,390.28
597,2017-06-22,-20.0,370.28
598,2017-06-22,-19.95,350.33
599,2017-06-22,-3.0,347.33
600,2017-06-22,-12.99,334.34
601,2017-06-22,40.62,374.96
602,2017-06-23,-5.5,369.46
603,2017-06-23,-4.5,364.96
604,2017-06-23,40.62,405.58
605,2017-06-24,-5.7,399.88
606,2017-06-24,-7.0,392.88
607,2017-06-24,-8.8,384.08
609,2017-06-24,-22.0,562.08
610,2017-06-25,-80.0,482.08
611,2017-06-26,-74.0,408.08
612,2017-06-26,-25.85,382.23
613,2017-06-27,-4.8,377.43
614,2017-06-27,-17.1,360.33
615,2017-06-27,-6.49,353.84
616,2017-06-27,-8.7,345.14
617,2017-06-27,-139.95,205.19
618,2017-06-27,-29.0,176.19
619,2017-06-27,-4.5,171.69
621,2017-06-28,-39.9,331.79
622,2017-06-28,-5.0,326.79
623,2017-06-28,-8.69,318.1
624,2017-06-28,-74.96,243.14
625,2017-06-28,-21.8,221.34
626,2017-06-29,-20.0,201.34
627,2017-06-29,-8.7,192.64
628,2017-06-29,-45.95,146.69
629,2017-06-29,-8.0,138.69
630,2017-06-29,-15.0,123.69
631,2017-06-29,-25.0,98.69
632,2017-06-30,-13.4,85.29
633,2017-06-30,-4.5,80.79
635,2017-07-01,-24.5,256.29
636,2017-07-01,-0.01,256.28
639,2017-07-01,-103.5,1069.43
641,2017-07-03,-5.0,1264.43
642,2017-07-03,300.0,1564.43
643,2017-07-04,-410.0,1154.43
646,2017-07-04,-8.0,1446.43
647,2017-07-05,-102.8,1343.63
648,2017-07-05,-11.75,1331.88
649,2017-07-05,-44.1,1287.78
650,2017-07-05,-139.9,1147.88
651,2017-07-05,-719.52,428.36
652,2017-07-06,-18.29,410.07
653,2017-07-06,-11.99,398.08
654,2017-07-06,-6.16,391.92
655,2017-07-06,-0.18,391.74
656,2017-07-06,-13.4,378.34
657,2017-07-06,-0.4,377.94
658,2017-07-07,-12.99,364.95
659,2017-07-07,-0.39,364.56
660,2017-07-07,-16.81,347.75
661,2017-07-07,-0.5,347.25
662,2017-07-07,-153.46,193.79
663,2017-07-07,-9.6,184.19
664,2017-07-08,-13.03,171.16
665,2017-07-08,-0.39,170.77
667,2017-07-10,-5.0,365.77
670,2017-07-11,-13.55,1252.22
671,2017-07-11,-0.41,1251.81
672,2017-07-11,-24.97,1226.84
673,2017-07-11,-0.75,1226.09
674,2017-07-11,-17.54,1208.55
675,2017-07-11,-0.53,1208.02
676,2017-07-11,-13.52,1194.5
677,2017-07-11,-0.41,1194.09
678,2017-07-12,-1.16,1192.93
679,2017-07-12,-0.03,1192.9
680,2017-07-12,-61.15,1131.75
681,2017-07-12,-1.83,1129.92
682,2017-07-12,-25.89,1104.03
683,2017-07-12,-0.78,1103.25
684,2017-07-12,-47.72,1055.53
685,2017-07-12,-1.43,1054.1
686,2017-07-12,-8.91,1045.19
687,2017-07-12,-0.27,1044.92
688,2017-07-12,-3.38,1041.54
689,2017-07-12,-0.1,1041.44
690,2017-07-12,-1.54,1039.9
691,2017-07-12,-0.05,1039.85
692,2017-07-12,-2.12,1037.73
693,2017-07-12,-0.06,1037.67
694,2017-07-12,-2.38,1035.29
695,2017-07-12,-0.07,1035.22
696,2017-07-12,-10.99,1024.23
697,2017-07-12,-10.99,1013.24
698,2017-07-12,-10.99,1002.25
699,2017-07-12,-3.46,998.79
700,2017-07-12,-0.1,998.69
701,2017-07-13,-4.21,994.48
702,2017-07-13,-0.13,994.35
703,2017-07-13,-1.67,992.68
704,2017-07-13,-0.05,992.63
705,2017-07-13,-9.28,983.35
706,2017-07-13,-0.28,983.07
708,2017-07-14,-1.88,481.19
709,2017-07-14,-0.06,481.13
710,2017-07-14,-11.99,469.14
711,2017-07-14,-2.26,466.88
712,2017-07-14,-0.07,466.81
713,2017-07-14,3667.25,4134.06
714,2017-07-15,-95.0,4039.06
715,2017-07-15,-2.56,4036.5
716,2017-07-15,-0.08,4036.42
717,2017-07-15,-7.62,4028.8
719,2017-07-17,-5.0,323.8
720,2017-07-17,300.0,623.8
725,2017-07-18,-410.0,1700.8
726,2017-07-18,-9.94,1690.86
727,2017-07-18,-0.3,1690.56
728,2017-07-18,-5.58,1684.98
729,2017-07-18,-0.17,1684.81
730,2017-07-18,-5.04,1679.77
731,2017-07-18,-0.15,1679.62
732,2017-07-18,-3.4,1676.22
733,2017-07-18,-0.1,1676.12
734,2017-07-18,-28.67,1647.45
735,2017-07-18,-0.86,1646.59
736,2017-07-18,-62.83,1583.76
737,2017-07-18,-1.88,1581.88
738,2017-07-18,-1.88,1580.0
739,2017-07-18,-0.06,1579.94
740,2017-07-18,-1.74,1578.2
741,2017-07-18,-0.05,1578.15
745,2017-07-19,-20.73,307.42
746,2017-07-19,-0.62,306.8
747,2017-07-19,-28.8,278.0
748,2017-07-19,-0.86,277.14
749,2017-07-19,-10.54,266.6
750,2017-07-19,-0.32,266.28
751,2017-07-19,-3.84,262.44
752,2017-07-19,-0.12,262.32
753,2017-07-19,-1.79,260.53
754,2017-07-19,-0.05,260.48
755,2017-07-19,-1.93,258.55
756,2017-07-19,-0.06,258.49
757,2017-07-20,-14.99,243.5
758,2017-07-20,-107.12,136.38
759,2017-07-20,-1.83,134.55
760,2017-07-20,-0.05,134.5
761,2017-07-20,-2.22,132.28
762,2017-07-20,-0.07,132.21
763,2017-07-21,-9.3,122.91
764,2017-07-21,-16.14,106.77
765,2017-07-21,-0.48,106.29
766,2017-07-21,-23.36,82.93
767,2017-07-21,-0.7,82.23
768,2017-07-21,-14.99,67.24
769,2017-07-21,-16.99,50.25
771,2017-07-22,-7.0,243.25
772,2017-07-24,-5.0,238.25
773,2017-07-25,-26.0,212.25
774,2017-07-25,-17.36,194.89
775,2017-07-25,-0.52,194.37
776,2017-07-25,-3.98,190.39
777,2017-07-25,-0.12,190.27
778,2017-07-25,-6.01,184.26
779,2017-07-25,-0.18,184.08
780,2017-07-25,-3.0,181.08
783,2017-07-26,-4.15,476.93
784,2017-07-26,-33.9,443.03
785,2017-07-26,-10.5,432.53
786,2017-07-26,-11.0,421.53
787,2017-07-26,-14.65,406.88
788,2017-07-27,-128.0,278.88
789,2017-07-28,-14.99,263.89
790,2017-07-29,-17.77,246.12
791,2017-07-29,-0.53,245.59
792,2017-07-29,-17.41,228.18
793,2017-07-29,-0.52,227.66
794,2017-07-29,-12.99,214.67
795,2017-07-29,-11.99,202.68
799,2017-07-31,-410.0,252.68
800,2017-07-31,-5.0,247.68
801,2017-07-31,300.0,547.68
802,2017-08-01,-39.9,507.78
803,2017-08-01,-41.37,466.41
804,2017-08-01,-1.24,465.17
805,2017-08-01,-9.19,455.98
806,2017-08-01,-0.28,455.7
807,2017-08-01,-6.99,448.71
808,2017-08-01,-0.21,448.5
809,2017-08-01,-30.79,417.71
810,2017-08-01,-0.92,416.79
811,2017-08-02,-6.4,410.39
812,2017-08-02,-0.19,410.2
813,2017-08-02,-4.94,405.26
814,2017-08-02,-0.15,405.11
815,2017-08-02,-21.21,383.9
816,2017-08-02,-0.64,383.26
817,2017-08-02,-13.49,369.77
818,2017-08-02,-0.4,369.37
819,2017-08-02,-2.24,367.13
820,2017-08-02,-0.07,367.06
821,2017-08-02,-9.99,357.07
822,2017-08-04,-44.51,312.56
823,2017-08-04,-1.34,311.22
826,2017-08-07,-5.0,506.22
827,2017-08-08,-10.07,496.15
828,2017-08-08,-0.3,495.85
829,2017-08-08,-2.99,492.86
830,2017-08-08,-0.09,492.77
831,2017-08-08,-4.75,488.02
832,2017-08-08,-0.14,487.88
833,2017-08-08,-20.73,467.15
834,2017-08-08,-0.62,466.53
835,2017-08-08,-10.37,456.16
836,2017-08-08,-0.31,455.85
837,2017-08-08,-2.64,453.21
838,2017-08-08,-0.08,453.13
839,2017-08-08,-4.95,448.18
840,2017-08-08,-0.15,448.03
842,2017-08-09,-13.51,634.52
843,2017-08-09,-0.41,634.11
844,2017-08-09,-5.99,628.12
845,2017-08-09,-111.07,517.05
846,2017-08-09,-3.33,513.72
847,2017-08-09,-49.85,463.87
848,2017-08-09,-1.5,462.37
849,2017-08-09,-0.95,461.42
850,2017-08-09,-0.03,461.39
851,2017-08-09,-2.75,458.64
852,2017-08-09,-0.08,458.56
853,2017-08-09,-11.99,446.57
854,2017-08-09,-10.81,435.76
855,2017-08-09,-4.99,430.77
856,2017-08-09,-12.99,417.78
857,2017-08-09,-11.86,405.92
858,2017-08-10,-42.0,363.92
859,2017-08-10,-9.22,354.7
860,2017-08-10,-0.28,354.42
861,2017-08-10,-1.55,352.87
862,2017-08-10,-0.05,352.82
863,2017-08-11,-113.95,238.87
864,2017-08-11,-75.08,163.79
865,2017-08-11,-2.25,161.54
866,2017-08-11,-9.23,152.31
867,2017-08-11,-0.28,152.03
868,2017-08-11,-1.75,150.28
869,2017-08-11,-0.05,150.23
871,2017-08-11,-250.68,199.55
872,2017-08-11,-12.52,187.03
873,2017-08-12,-9.26,177.77
874,2017-08-12,-0.28,177.49
875,2017-08-12,-1.78,175.71
876,2017-08-12,-0.05,175.66
878,2017-08-14,-5.0,470.66
879,2017-08-14,300.0,770.66
880,2017-08-15,-410.0,360.66
881,2017-08-15,-42.0,318.66
882,2017-08-15,-57.38,261.28
883,2017-08-15,-11.99,249.29
884,2017-08-15,-9.24,240.05
885,2017-08-15,-0.28,239.77
886,2017-08-15,-20.91,218.86
887,2017-08-15,-0.63,218.23
888,2017-08-15,-1.08,217.15
889,2017-08-15,-0.03,217.12
890,2017-08-15,-20.41,196.71
891,2017-08-15,-0.61,196.1
892,2017-08-15,10258.68,10454.78
896,2017-08-16,-21.74,8420.04
897,2017-08-16,-0.65,8419.39
898,2017-08-16,-1.87,8417.52
899,2017-08-16,-0.06,8417.46
900,2017-08-16,-3385.79,5031.67
909,2017-08-16,82.75,777.48
910,2017-08-17,-331.06,446.42
911,2017-08-17,-12.57,433.85
912,2017-08-17,-0.38,433.47
913,2017-08-17,-146.37,287.1
914,2017-08-17,-4.39,282.71
916,2017-08-17,-776.15,282.71
917,2017-08-17,82.75,365.46
918,2017-08-17,82.75,448.21
919,2017-08-18,-3.52,444.69
920,2017-08-18,-0.11,444.58
921,2017-08-18,-0.96,443.62
922,2017-08-18,-0.03,443.59
923,2017-08-18,-82.75,360.84
924,2017-08-19,-42.19,318.65
925,2017-08-19,-1.27,317.38
927,2017-08-21,-5.0,612.38
928,2017-08-22,-0.95,611.43
929,2017-08-22,-0.03,611.4
930,2017-08-22,-1.62,609.78
931,2017-08-22,-0.05,609.73
932,2017-08-22,-10.99,598.74
933,2017-08-22,-20.79,577.95
934,2017-08-22,-0.62,577.33
935,2017-08-23,-35.09,542.24
936,2017-08-23,-1.05,541.19
937,2017-08-24,-103.57,437.62
938,2017-08-24,-3.11,434.51
939,2017-08-24,-9.99,424.52
940,2017-08-24,-12.99,411.53
941,2017-08-26,-11.55,399.98
942,2017-08-26,-0.35,399.63
943,2017-08-26,-14.16,385.47
944,2017-08-26,-0.42,385.05
945,2017-08-26,-1.61,383.44
946,2017-08-26,-0.05,383.39
949,2017-08-28,-410.0,283.39
951,2017-08-28,-394.12,489.27
952,2017-08-28,-5.0,484.27
953,2017-08-28,300.0,784.27
954,2017-08-29,-39.9,744.37
955,2017-08-29,-12.01,732.36
956,2017-08-29,-0.36,732.0
957,2017-08-29,-9.51,722.49
958,2017-08-29,-0.29,722.2
959,2017-08-29,-4.43,717.77
960,2017-08-29,-0.13,717.64
961,2017-08-29,-21.48,696.16
962,2017-08-29,-0.64,695.52
963,2017-08-29,-3.56,691.96
964,2017-08-29,-0.11,691.85
965,2017-08-29,-1.19,690.66
966,2017-08-29,-0.04,690.62
967,2017-08-29,-29.18,661.44
968,2017-08-29,-0.88,660.56
969,2017-08-29,-9.99,650.57
970,2017-08-30,-3.45,647.12
971,2017-08-30,-0.1,647.02
972,2017-08-30,-23.79,623.23
973,2017-08-30,-0.71,622.52
974,2017-08-30,-12.99,609.53
975,2017-08-30,-11.91,597.62
976,2017-08-30,-11.27,586.35
977,2017-08-30,-0.34,586.01
978,2017-08-30,-15.22,570.79
979,2017-08-30,-0.46,570.33
980,2017-08-30,47.0,617.33
981,2017-08-31,-16.55,600.78
982,2017-08-31,-0.5,600.28
983,2017-08-31,-17.44,582.84
984,2017-08-31,-0.52,582.32
985,2017-09-01,-4.46,577.86
986,2017-09-01,-0.13,577.73
987,2017-09-01,-11.5,566.23
988,2017-09-01,-0.35,565.88
989,2017-09-01,-1.68,564.2
990,2017-09-01,-0.05,564.15
991,2017-09-01,-2.41,561.74
992,2017-09-01,-0.07,561.67
993,2017-09-01,-0.02,561.65
994,2017-09-01,82.75,644.4
995,2017-09-01,-201.31,443.09
996,2017-09-02,-3.99,439.1
997,2017-09-02,-34.09,405.01
998,2017-09-02,-1.02,403.99
999,2017-09-02,-5.96,398.03
1000,2017-09-02,-0.18,397.85
1001,2017-09-02,-8.51,389.34
1004,2017-09-04,-5.0,734.34
1006,2017-09-05,-5.27,529.07
1007,2017-09-05,-0.16,528.91
1008,2017-09-05,-112.87,416.04
1009,2017-09-05,-3.39,412.65
1010,2017-09-05,-110.31,302.34
1011,2017-09-05,-3.31,299.03
1012,2017-09-05,-9.99,289.04
1013,2017-09-06,-1.16,287.88
1014,2017-09-06,-0.03,287.85
1015,2017-09-06,-23.7,264.15
1016,2017-09-06,-0.71,263.44
1017,2017-09-06,-2.81,260.63
1018,2017-09-06,-0.08,260.55
1019,2017-09-06,-26.6,233.95
1020,2017-09-06,-0.8,233.15
1021,2017-09-06,-20.09,213.06
1022,2017-09-06,-0.6,212.46
1023,2017-09-06,-53.13,159.33
1024,2017-09-06,-1.59,157.74
1025,2017-09-06,-2.01,155.73
1026,2017-09-06,-0.06,155.67
1027,2017-09-06,-3.62,152.05
1028,2017-09-06,-11.99,140.06
1029,2017-09-06,-3.63,136.43
1030,2017-09-07,-46.26,90.17
1031,2017-09-07,-1.39,88.78
1033,2017-09-07,-44.33,144.45
1034,2017-09-07,-6.33,138.12
1035,2017-09-08,-8.69,129.43
1036,2017-09-08,-0.26,129.17
1037,2017-09-08,-14.99,114.18
1038,2017-09-08,-12.99,101.19
1040,2017-09-09,-10.64,175.55
1041,2017-09-09,-0.32,175.23
1044,2017-09-11,-160.0,815.23
1045,2017-09-11,-157.0,658.23
1046,2017-09-11,75.0,733.23
1047,2017-09-11,-39.0,694.23
1048,2017-09-11,-5.0,689.23
1049,2017-09-11,300.0,989.23
1050,2017-09-12,-410.0,579.23
1051,2017-09-12,-40.44,538.79
1052,2017-09-12,-1.29,537.5
1053,2017-09-12,-0.04,537.46
1054,2017-09-12,-23.76,513.7
1055,2017-09-12,-0.71,512.99
1056,2017-09-12,-1.74,511.25
1057,2017-09-12,-0.05,511.2
1058,2017-09-12,-1.46,509.74
1059,2017-09-12,-0.04,509.7
1060,2017-09-13,-1.6,508.1
1061,2017-09-13,-60.5,447.6
1062,2017-09-13,-17.43,430.17
1063,2017-09-13,-0.52,429.65
1064,2017-09-13,-13.61,416.04
1065,2017-09-13,-0.41,415.63
1066,2017-09-13,-12.99,402.64
1067,2017-09-13,-32.0,370.64
1068,2017-09-14,-2.4,368.24
1069,2017-09-14,-46.5,321.74
1070,2017-09-14,-9.46,312.28
1071,2017-09-14,-0.28,312.0
1072,2017-09-14,-15.4,296.6
1073,2017-09-14,-11.99,284.61
1074,2017-09-14,-16.99,267.62
1075,2017-09-15,-8.4,259.22
1076,2017-09-15,-8.8,250.42
1077,2017-09-15,-5.0,245.42
1078,2017-09-15,-42.18,203.24
1080,2017-09-15,7064.55,7467.79
1085,2017-09-16,-5.0,3897.79
1086,2017-09-16,-12.5,3885.29
1087,2017-09-16,-7.0,3878.29
1088,2017-09-17,-30.0,3848.29
1089,2017-09-18,30.0,3878.29
1092,2017-09-18,-60.0,623.29
1093,2017-09-18,-2.0,621.29
1094,2017-09-18,-25.85,595.44
1095,2017-09-18,30.0,625.44
1096,2017-09-19,-22.0,603.44
1097,2017-09-19,-13.76,589.68
1098,2017-09-19,-20.0,569.68
1099,2017-09-19,-7.98,561.7
1100,2017-09-19,-5.6,556.1
1101,2017-09-19,-158.19,397.91
1102,2017-09-19,-25.0,372.91
1103,2017-09-20,-18.0,354.91
1104,2017-09-20,-13.0,341.91
1105,2017-09-20,-8.95,332.96
1106,2017-09-20,-4.0,328.96
1107,2017-09-20,-7.7,321.26
1108,2017-09-20,-19.06,302.2
1109,2017-09-20,-5.0,297.2
1110,2017-09-21,-7.5,289.7
1111,2017-09-21,-7.0,282.7
1112,2017-09-21,-79.0,203.7
1113,2017-09-21,27.0,230.7
1114,2017-09-22,-4.6,226.1
1115,2017-09-22,-8.4,217.7
1116,2017-09-22,-7.0,210.7
1118,2017-09-23,-6.0,404.7
1119,2017-09-23,-7.0,397.7
1121,2017-09-25,-410.0,397.7
1122,2017-09-25,-25.85,371.85
1123,2017-09-26,-2.0,369.85
1124,2017-09-26,-7.0,362.85
1125,2017-09-26,-11.8,351.05
1126,2017-09-26,-15.9,335.15
1127,2017-09-26,-5.5,329.65
1128,2017-09-26,-12.0,317.65
1129,2017-09-26,-22.0,295.65
1130,2017-09-26,-113.95,181.7
1131,2017-09-26,-9.5,172.2
1132,2017-09-27,-9.97,162.23
1133,2017-09-27,-11.5,150.73
1134,2017-09-27,-4.95,145.78
1135,2017-09-27,-44.26,101.52
1136,2017-09-27,-7.5,94.02
1137,2017-09-27,-9.0,85.02
1139,2017-09-27,-60.0,175.02
1140,2017-09-28,-8.8,166.22
1141,2017-09-28,-7.0,159.22
1142,2017-09-28,-9.99,149.23
1143,2017-09-28,-18.0,131.23
1144,2017-09-28,-3.2,128.03
1145,2017-09-28,-6.5,121.53
1146,2017-09-28,-5.6,115.93
1147,2017-09-28,-3.2,112.73
1148,2017-09-28,-39.9,72.83
1150,2017-09-29,-15.0,357.83
1151,2017-09-29,-4.5,353.33
1152,2017-09-29,-9.97,343.36
1153,2017-09-29,-10.0,333.36
1154,2017-09-29,-22.0,311.36
1155,2017-09-30,-20.0,291.36
1156,2017-09-30,-4.1,287.26
1157,2017-09-30,-9.0,278.26
1160,2017-10-02,-25.85,952.41
1161,2017-10-03,-9.8,942.61
1162,2017-10-03,-12.24,930.37
1163,2017-10-03,-9.2,921.17
1164,2017-10-03,-11.95,909.22
1165,2017-10-03,-45.0,864.22
1166,2017-10-03,-48.38,815.84
1167,2017-10-03,-28.0,787.84
1168,2017-10-03,-10.99,776.85
1169,2017-10-03,-9.31,767.54
1171,2017-10-03,-250.0,717.54
1172,2017-10-03,72.75,790.29
1173,2017-10-04,-171.43,618.86
1174,2017-10-04,-51.73,567.13
1175,2017-10-04,-11.99,555.14
1176,2017-10-04,-60.5,494.64
1177,2017-10-04,-25.0,469.64
1178,2017-10-04,-47.92,421.72
1179,2017-10-04,-10.3,411.42
1180,2017-10-04,-6.05,405.37
1181,2017-10-04,51.0,456.37
1182,2017-10-05,-10.0,446.37
1183,2017-10-05,-7.4,438.97
1184,2017-10-05,-24.72,414.25
1185,2017-10-05,-7.5,406.75
1186,2017-10-05,-18.0,388.75
1187,2017-10-06,-12.4,376.35
1188,2017-10-06,-8.4,367.95
1189,2017-10-06,-7.5,360.45
1190,2017-10-06,50.77,411.22
1191,2017-10-07,-20.0,391.22
1192,2017-10-07,-5.0,386.22
1194,2017-10-07,-500.0,386.22
1195,2017-10-09,50.77,436.99
1196,2017-10-09,-25.85,411.14
1197,2017-10-09,24.0,435.14
1198,2017-10-10,-14.5,420.64
1199,2017-10-10,-5.0,415.64
1200,2017-10-10,-9.74,405.9
1201,2017-10-10,-6.98,398.92
1202,2017-10-10,-7.5,391.42
1203,2017-10-10,-11.4,380.02
1204,2017-10-10,-16.75,363.27
1205,2017-10-10,3.0,366.27
1207,2017-10-11,-410.0,316.21
1208,2017-10-11,-68.7,247.51
1209,2017-10-11,-30.05,217.46
1210,2017-10-11,-10.0,207.46
1211,2017-10-11,-7.5,199.96
1212,2017-10-11,-3.2,196.76
1213,2017-10-11,-23.92,172.84
1214,2017-10-12,-6.95,165.89
1215,2017-10-12,-27.0,138.89
1216,2017-10-12,-4.5,134.39
1217,2017-10-12,-10.5,123.89
1219,2017-10-12,-101.0,322.89
1220,2017-10-13,-17.0,305.89
1221,2017-10-13,-4.0,301.89
1222,2017-10-13,-8.5,293.39
1223,2017-10-13,-11.5,281.89
1224,2017-10-13,-75.0,206.89
1225,2017-10-13,37.05,243.94
1226,2017-10-13,4079.53,4323.47
1227,2017-10-14,-20.0,4303.47
1228,2017-10-14,-20.0,4283.47
1229,2017-10-14,-9.35,4274.12
1230,2017-10-14,-26.15,4247.97
1231,2017-10-14,-6.98,4240.99
1232,2017-10-14,-11.99,4229.0
1233,2017-10-14,-11.47,4217.53
1238,2017-10-16,-20.0,632.53
1239,2017-10-16,-25.85,606.68
1240,2017-10-17,-25.0,581.68
1241,2017-10-17,-38.0,543.68
1242,2017-10-17,-12.99,530.69
1243,2017-10-17,-9.0,521.69
1244,2017-10-17,-7.5,514.19
1245,2017-10-17,-18.38,495.81
1246,2017-10-18,-25.99,469.82
1247,2017-10-18,-7.5,462.32
1248,2017-10-18,-5.0,457.32
1249,2017-10-18,-65.0,392.32
1250,2017-10-18,37.05,429.37
1251,2017-10-19,3.99,433.36
1252,2017-10-19,-7.4,425.96
1253,2017-10-19,-39.57,386.39
1254,2017-10-19,-50.04,336.35
1255,2017-10-19,-3.99,332.36
1256,2017-10-19,-9.99,322.37
1258,2017-10-19,-568.74,322.63
1259,2017-10-20,-7.0,315.63
1260,2017-10-20,-107.12,208.51
1261,2017-10-20,-42.44,166.07
1262,2017-10-20,-20.0,146.07
1263,2017-10-20,-40.0,106.07
1265,2017-10-21,-150.0,456.07
1267,2017-10-23,-25.85,630.22
1268,2017-10-24,-10.0,620.22
1269,2017-10-24,-35.3,584.92
1270,2017-10-24,-9.77,575.15
1272,2017-10-24,-410.0,575.15
1273,2017-10-25,-2.3,572.85
1274,2017-10-25,-8.0,564.85
1275,2017-10-25,-199.92,364.93
1276,2017-10-25,-14.99,349.94
1277,2017-10-25,-193.93,156.01
1278,2017-10-25,-43.99,112.02
1279,2017-10-25,-18.0,94.02
1280,2017-10-26,-15.0,79.02
1281,2017-10-26,-9.28,69.74
1282,2017-10-26,-2.9,66.84
1283,2017-10-26,-4.0,62.84
1284,2017-10-26,-7.5,55.34
1285,2017-10-27,-8.8,46.54
1286,2017-10-27,-8.4,38.14
1288,2017-10-28,-12.9,225.24
1289,2017-10-28,-36.8,188.44
1291,2017-10-30,-25.85,417.59
1292,2017-10-31,-30.0,387.59
1293,2017-10-31,-6.9,380.69
1294,2017-10-31,-12.5,368.19
1295,2017-10-31,-34.0,334.19
1296,2017-10-31,-47.3,286.89
1297,2017-10-31,-50.0,236.89
1298,2017-11-01,-0.02,236.87
1299,2017-11-01,-7.0,229.87
1300,2017-11-01,-7.5,222.37
1301,2017-11-01,-51.44,170.93
1302,2017-11-01,-19.37,151.56
1303,2017-11-01,-4.8,146.76
1304,2017-11-01,-39.9,106.86
1305,2017-11-02,-11.0,95.86
1306,2017-11-03,6115.75,6211.61
1307,2017-11-03,-39.9,6171.71
1308,2017-11-03,-8.4,6163.31
1309,2017-11-03,-7.0,6156.31
1310,2017-11-03,-10.5,6145.81
1311,2017-11-03,-7.5,6138.31
1312,2017-11-04,-4.4,6133.91
1313,2017-11-04,-5.0,6128.91
1314,2017-11-04,-40.0,6088.91
1315,2017-11-06,-410.0,5678.91
1318,2017-11-06,-25.85,753.06
1319,2017-11-07,-30.0,723.06
1320,2017-11-07,-6.1,716.96
1321,2017-11-07,-3.8,713.16
1322,2017-11-07,-9.1,704.06
1323,2017-11-07,-9.0,695.06
1324,2017-11-07,-6.65,688.41
1325,2017-11-07,-5.0,683.41
1327,2017-11-07,-609.96,723.45
1329,2017-11-07,-189.75,563.7
1331,2017-11-07,92.75,806.45
1332,2017-11-08,-2.5,803.95
1333,2017-11-08,-8.8,795.15
1334,2017-11-08,-5.0,790.15
1335,2017-11-08,-500.0,290.15
1336,2017-11-08,-11.7,278.45
1337,2017-11-08,-34.77,243.68
1338,2017-11-09,-7.5,236.18
1339,2017-11-09,-7.65,228.53
1340,2017-11-09,-117.8,110.73
1341,2017-11-09,-3.53,107.2
1343,2017-11-09,-500.0,107.2
1344,2017-11-10,-23.5,83.7
1345,2017-11-10,-11.99,71.71
1346,2017-11-11,-8.85,62.86
1348,2017-11-13,-25.85,237.01
1349,2017-11-14,-20.49,216.52
1350,2017-11-14,-18.8,197.72
1351,2017-11-15,-4.0,193.72
1352,2017-11-15,-11.99,181.73
1353,2017-11-15,-8.55,173.18
1355,2017-11-15,-75.0,298.18
1356,2017-11-15,37.05,335.23
1357,2017-11-15,4212.21,4547.44
1362,2017-11-16,-18.5,963.94
1363,2017-11-16,-24.0,939.94
1364,2017-11-17,-4.99,934.95
1366,2017-11-17,-2000.0,934.95
1368,2017-11-17,-200.0,2034.95
1369,2017-11-17,-40.0,1994.95
1370,2017-11-17,40.0,2034.95
1371,2017-11-18,-107.12,1927.83
1372,2017-11-18,-37.94,1889.89
1373,2017-11-18,-26.0,1863.89
1374,2017-11-18,-11.0,1852.89
1375,2017-11-18,-17.99,1834.9
1376,2017-11-20,-410.0,1424.9
1377,2017-11-20,-25.85,1399.05
1378,2017-11-21,-10.0,1389.05
1379,2017-11-21,-15.0,1374.05
1380,2017-11-21,-3.99,1370.06
1381,2017-11-21,-10.5,1359.56
1382,2017-11-21,-10.0,1349.56
1383,2017-11-21,-200.0,1149.56
1384,2017-11-21,-19.69,1129.87
1385,2017-11-21,-11.58,1118.29
1386,2017-11-21,-30.0,1088.29
1387,2017-11-21,-326.38,761.91
1388,2017-11-22,-100.0,661.91
1389,2017-11-22,-19.64,642.27
1390,2017-11-22,-6.59,635.68
1391,2017-11-22,-5.0,630.68
1392,2017-11-22,-40.32,590.36
1393,2017-11-22,-5.0,585.36
1394,2017-11-22,-57.5,527.86
1395,2017-11-22,-9.5,518.36
1398,2017-11-22,-7882.0,618.36
1401,2017-11-23,-23.47,1756.89
1402,2017-11-23,-53.97,1702.92
1403,2017-11-23,-10.0,1692.92
1404,2017-11-23,-9.87,1683.05
1405,2017-11-23,-99.0,1584.05
1406,2017-11-23,-69.0,1515.05
1407,2017-11-24,-1.6,1513.45
1408,2017-11-24,-4.59,1508.86
1409,2017-11-24,-3.99,1504.87
1410,2017-11-24,-264.07,1240.8
1411,2017-11-24,-7.92,1232.88
1412,2017-11-25,-7.0,1225.88
1413,2017-11-25,-11.0,1214.88
1414,2017-11-25,-24.0,1190.88
1415,2017-11-25,-10.65,1180.23
1416,2017-11-25,-24.77,1155.46
1417,2017-11-27,-18.0,1137.46
1418,2017-11-27,-3.5,1133.96
1419,2017-11-27,-25.85,1108.11
1420,2017-11-28,-40.25,1067.86
1421,2017-11-28,-4.59,1063.27
1422,2017-11-28,-15.0,1048.27
1423,2017-11-28,-8.1,1040.17
1424,2017-11-28,-2.9,1037.27
1425,2017-11-28,-5.0,1032.27
1426,2017-11-28,-176.52,855.75
1427,2017-11-29,-34.67,821.08
1428,2017-11-29,-18.45,802.63
1429,2017-11-29,-12.87,789.76
1430,2017-11-29,-7.5,782.26
1431,2017-11-29,-11.99,770.27
1432,2017-11-29,-12.01,758.26
1433,2017-11-29,-5.0,753.26
1434,2017-11-30,-4.0,749.26
1435,2017-11-30,-5.0,744.26
1436,2017-12-01,-0.01,744.25
1437,2017-12-01,-6.98,737.27
1438,2017-12-02,-19.11,718.16
1439,2017-12-02,-7.5,710.66
1440,2017-12-04,-25.85,684.81
1441,2017-12-05,-52.05,632.76
1442,2017-12-05,-29.53,603.23
1443,2017-12-05,-7.07,596.16
1444,2017-12-05,-28.5,567.66
1445,2017-12-05,-3.2,564.46
1446,2017-12-05,-20.8,543.66
1447,2017-12-05,-49.0,494.66
1448,2017-12-05,-25.2,469.46
1449,2017-12-05,-10.0,459.46
1450,2017-12-05,-7.5,451.96
1451,2017-12-05,-38.0,413.96
1452,2017-12-06,-5.99,407.97
1453,2017-12-06,-26.47,381.5
1454,2017-12-06,-0.79,380.71
1455,2017-12-06,-41.52,339.19
1456,2017-12-06,-39.95,299.24
1458,2017-12-06,-410.0,189.24
1459,2017-12-06,500.0,689.24
1460,2017-12-11,-25.85,663.39
1461,2017-12-12,-175.86,487.53
1462,2017-12-13,-23.28,464.25
1463,2017-12-13,-10.71,453.54
1464,2017-12-13,-11.99,441.55
1465,2017-12-13,-3.99,437.56
1466,2017-12-14,-35.0,402.56
1467,2017-12-14,-11.99,390.57
1468,2017-12-14,-12.99,377.58
1469,2017-12-15,3890.96,4268.54
1474,2017-12-18,-410.0,293.54
1475,2017-12-18,-15.0,278.54
1476,2017-12-18,-25.85,252.69
1477,2017-12-19,-3.9,248.79
1478,2017-12-19,-18.0,230.79
1479,2017-12-19,-107.12,123.67
1480,2017-12-20,-7.5,116.17
1481,2017-12-20,-13.99,102.18
1482,2017-12-20,-21.99,80.19
1483,2017-12-20,-40.0,40.19
1484,2017-12-21,-3.0,37.19
1486,2017-12-21,-113.71,123.48
1488,2017-12-25,200.0,523.48
1489,2017-12-28,-39.9,483.58
1490,2017-12-28,-20.0,463.58
1491,2017-12-28,-104.4,359.18
1492,2017-12-28,63.4,422.58
1494,2018-01-02,-410.0,422.58
1496,2018-01-02,49.99,972.57
1497,2018-01-03,-9.99,962.58
1498,2018-01-03,-14.99,947.59
1499,2018-01-03,-5.99,941.6
1500,2018-01-03,-18.0,923.6
1501,2018-01-03,30.0,953.6
1502,2018-01-04,-20.0,933.6
1503,2018-01-04,-250.5,683.1
1504,2018-01-04,-199.95,483.15
1506,2018-01-05,-44.09,639.06
1507,2018-01-05,-180.65,458.41
1508,2018-01-05,-109.95,348.46
1509,2018-01-05,-49.99,298.47
1510,2018-01-05,-140.0,158.47
1511,2018-01-06,-14.0,144.47
1512,2018-01-06,-5.99,138.48
1513,2018-01-07,-22.5,115.98
1515,2018-01-07,-96.2,419.78
1516,2018-01-07,-109.0,310.78
1517,2018-01-09,-3.5,307.28
1518,2018-01-09,-29.0,278.28
1519,2018-01-09,-8.5,269.78
1520,2018-01-09,-11.99,257.79
1521,2018-01-11,126.0,383.79
1522,2018-01-12,125.72,509.51
1523,2018-01-15,-410.0,99.51
1524,2018-01-15,125.72,225.23
1525,2018-01-15,3602.25,3827.48
1530,2018-01-16,-11.99,250.49
1531,2018-01-16,-4.99,245.5
1532,2018-01-16,-5.18,240.32
1533,2018-01-17,-9.99,230.33
1535,2018-01-17,-103.24,227.09
1536,2018-01-18,-20.0,207.09
1537,2018-01-18,-11.98,195.11
1538,2018-01-19,-107.12,87.99
1540,2018-01-22,-115.0,72.99
1541,2018-01-29,8.0,80.99
1542,2018-01-30,-20.0,60.99
1543,2018-01-30,-40.0,20.99
1544,2018-01-31,-11.99,9.0
1546,2018-01-31,-410.0,99.0
1547,2018-01-31,-12.0,87.0
1548,2018-02-01,-56.0,31.0
1550,2018-02-03,-10.0,221.0
1551,2018-02-05,7.0,228.0
1552,2018-02-10,-9.5,218.5
1553,2018-02-11,47.0,265.5
1554,2018-02-12,-20.0,245.5
1555,2018-02-12,-4.47,241.03
1556,2018-02-13,-7.0,234.03
1558,2018-02-13,-410.0,234.03
1564,2018-02-13,-2800.0,359.03
1565,2018-02-14,-11.99,347.04
1566,2018-02-14,-6.01,341.03
1567,2018-02-15,3163.17,3504.2
1572,2018-02-19,-205.0,1854.2
1573,2018-02-19,36.55,1890.75
1574,2018-02-20,-107.12,1783.63
1575,2018-02-20,-39.54,1744.09
1576,2018-02-21,-20.0,1724.09
1577,2018-02-21,-122.95,1601.14
1578,2018-02-21,-372.2,1228.94
1579,2018-02-22,-95.75,1133.19
1580,2018-02-23,-8.9,1124.29
1581,2018-02-24,42.0,1166.29
1582,2018-02-26,-410.0,756.29
1583,2018-02-28,-40.0,716.29
1584,2018-02-28,-20.0,696.29
1585,2018-02-28,-139.0,557.29
1586,2018-02-28,-10.99,546.3
1587,2018-02-28,-21.72,524.58
1588,2018-02-28,-13.08,511.5
1589,2018-03-06,-8.37,503.13
1590,2018-03-06,-10.99,492.14
1591,2018-03-07,-20.0,472.14
1592,2018-03-07,-171.08,301.06
1593,2018-03-09,-7.5,293.56
1594,2018-03-10,-31.5,262.06
1595,2018-03-10,-12.9,249.16
1596,2018-03-10,-8.0,241.16
1597,2018-03-10,-19.74,221.42
1598,2018-03-10,-8.5,212.92
1599,2018-03-13,-2.0,210.92
1600,2018-03-13,-18.0,192.92
1601,2018-03-13,-4.15,188.77
1602,2018-03-13,-12.33,176.44
1603,2018-03-13,-24.4,152.04
1604,2018-03-13,-2.5,149.54
1605,2018-03-13,-12.5,137.04
1606,2018-03-13,-6.0,131.04
1607,2018-03-13,-12.45,118.59
1609,2018-03-13,-410.0,148.59
1610,2018-03-14,-20.0,128.59
1611,2018-03-14,-4.0,124.59
1612,2018-03-14,-11.99,112.6
1613,2018-03-14,-13.99,98.61
1614,2018-03-14,-20.0,78.61
1615,2018-03-14,-10.99,67.62
1616,2018-03-14,-8.9,58.72
1617,2018-03-15,-7.7,51.02
1618,2018-03-15,-3.0,48.02
1619,2018-03-15,-7.5,40.52
1620,2018-03-15,2438.43,2478.95
1624,2018-03-17,-24.0,189.95
1625,2018-03-18,-23.0,166.95
1626,2018-03-21,-13.99,152.96
1627,2018-03-21,-9.99,142.97
1628,2018-03-22,-80.0,62.97
1629,2018-03-23,-20.0,42.97
1631,2018-03-23,-80.0,262.97
1632,2018-03-24,-14.99,247.98
1633,2018-03-25,-22.5,225.48
1634,2018-03-26,-80.0,145.48
1635,2018-03-26,-18.0,127.48
1637,2018-03-26,-410.0,127.48
1638,2018-03-26,13.0,140.48
1642,2018-03-27,-35.85,304.63
1643,2018-03-27,12.0,316.63
1644,2018-03-27,1205.64,1522.27
1645,2018-03-28,-40.0,1482.27
1646,2018-03-28,-12.33,1469.94
1647,2018-03-28,-300.0,1169.94
1648,2018-03-28,-300.0,869.94
1649,2018-03-29,37.05,906.99
1650,2018-03-30,-20.0,886.99
1651,2018-03-30,-30.55,856.44
1653,2018-04-03,-120.0,236.44
1655,2018-04-04,-88.52,447.92
1656,2018-04-05,-8.48,439.44
1657,2018-04-05,-14.3,425.14
1658,2018-04-05,-107.12,318.02
1659,2018-04-05,-23.3,294.72
1660,2018-04-05,2000.0,2294.72
1661,2018-04-06,30.45,2325.17
1662,2018-04-08,-410.0,1915.17
1663,2018-04-08,-22.5,1892.67
1664,2018-04-08,-340.0,1552.67
1665,2018-04-08,-15.0,1537.67
1666,2018-04-08,470.0,2007.67
1667,2018-04-09,-80.0,1927.67
1668,2018-04-09,-410.0,1517.67
1669,2018-04-09,135.82,1653.49
1670,2018-04-09,135.82,1789.31
1671,2018-04-11,-22.05,1767.26
1672,2018-04-11,-28.04,1739.22
1673,2018-04-11,-51.68,1687.54
1674,2018-04-13,-9.99,1677.55
1675,2018-04-14,-11.99,1665.56
1677,2018-04-15,-80.0,1285.56
1678,2018-04-16,135.82,1421.38
1679,2018-04-16,106.0,1527.38
1680,2018-04-16,110.0,1637.38
1681,2018-04-17,-16.99,1620.39
1682,2018-04-17,-28.7,1591.69
1683,2018-04-17,100.0,1691.69
1684,2018-04-17,99.43,1791.12
1685,2018-04-18,-3.09,1788.03
1686,2018-04-18,-10.99,1777.04
1687,2018-04-18,-12.99,1764.05
1688,2018-04-18,-2.99,1761.06
1689,2018-04-20,-111.97,1649.09
1693,2018-04-23,750.0,1250.49
1695,2018-04-24,550.0,1050.49
1696,2018-04-25,-22.09,1028.4
1697,2018-04-25,-3.45,1024.95
1699,2018-04-26,96.0,620.95
1700,2018-04-26,2600.0,3220.95
1707,2018-04-27,-10.0,920.95
1708,2018-04-27,-15.42,905.53
1709,2018-04-27,0.01,905.54
1713,2018-04-30,-80.0,725.54
1714,2018-04-30,-93.73,631.81
1715,2018-05-01,1500.0,2131.81
1716,2018-05-01,-40.0,2091.81
1718,2018-05-02,-6.8,585.01
1719,2018-05-02,-14.95,570.06
1721,2018-05-02,195.6,871.66
1722,2018-05-03,-4.0,867.66
1723,2018-05-03,-5.8,861.86
1724,2018-05-03,-8.0,853.86
1725,2018-05-03,-20.0,833.86
1726,2018-05-04,-6.8,827.06
1727,2018-05-04,-7.5,819.56
1728,2018-05-04,-304.43,515.13
1729,2018-05-05,-7.9,507.23
1730,2018-05-05,-6.8,500.43
1731,2018-05-06,100.0,600.43
1735,2018-05-07,-399.8,2400.63
1737,2018-05-08,-40.0,2681.63
1738,2018-05-08,-3.5,2678.13
1739,2018-05-08,-17.99,2660.14
1740,2018-05-08,-11.99,2648.15
1741,2018-05-08,-3.5,2644.65
1742,2018-05-09,-366.88,2277.77
1743,2018-05-09,-11.01,2266.76
1744,2018-05-09,-124.36,2142.4
1745,2018-05-09,-3.73,2138.67
1746,2018-05-09,-6.6,2132.07
1747,2018-05-09,-13.67,2118.4
1748,2018-05-09,-15.4,2103.0
1749,2018-05-09,-20.35,2082.65
1750,2018-05-09,-940.78,1141.87
1751,2018-05-09,-335.13,806.74
1752,2018-05-09,-159.9,646.84
1753,2018-05-09,-21.5,625.34
1754,2018-05-09,-372.68,252.66
1755,2018-05-09,-11.18,241.48
1756,2018-05-09,-11.39,230.09
1757,2018-05-10,-3.5,226.59
1758,2018-05-10,-9.8,216.79
1759,2018-05-10,2600.0,2816.79
1760,2018-05-10,96.0,2912.79
1761,2018-05-11,-8.0,2904.79
1762,2018-05-11,-14.15,2890.64
1768,2018-05-11,-30.0,1070.64
1769,2018-05-11,-50.0,1020.64
1770,2018-05-12,-6.8,1013.84
1771,2018-05-12,-6.8,1007.04
1772,2018-05-12,-3.0,1004.04
1773,2018-05-12,-7.0,997.04
1774,2018-05-12,-8.25,988.79
1775,2018-05-12,-99.0,889.79
1776,2018-05-14,-100.0,789.79
1777,2018-05-15,-3.0,786.79
1778,2018-05-15,-9.99,776.8
1779,2018-05-15,-4.0,772.8
1780,2018-05-15,-11.99,760.81
1781,2018-05-15,-8.5,752.31
1782,2018-05-15,-3.3,749.01
1783,2018-05-15,-8.5,740.51
1784,2018-05-15,-4.01,736.5
1785,2018-05-16,-4.75,731.75
1786,2018-05-16,-15.2,716.55
1787,2018-05-16,-9.99,706.56
1788,2018-05-16,-38.55,668.01
1789,2018-05-16,-1.16,666.85
1790,2018-05-16,-18.67,648.18
1791,2018-05-16,-11.99,636.19
1792,2018-05-16,-18.95,617.24
1793,2018-05-16,-10.68,606.56
1794,2018-05-16,-10.99,595.57
1795,2018-05-17,-5.2,590.37
1796,2018-05-17,-40.0,550.37
1797,2018-05-17,-10.0,540.37
1798,2018-05-17,-11.0,529.37
1799,2018-05-17,-41.68,487.69
1800,2018-05-17,-22.0,465.69
1801,2018-05-18,-5.3,460.39
1802,2018-05-18,-3.0,457.39
1803,2018-05-18,-5.0,452.39
1804,2018-05-18,-6.99,445.4
1805,2018-05-18,-111.97,333.43
1806,2018-05-18,-6.0,327.43
1807,2018-05-18,-9.0,318.43
1808,2018-05-22,-5.0,313.43
1809,2018-05-22,-14.0,299.43
1810,2018-05-22,-9.98,289.45
1811,2018-05-22,-3.0,286.45
1812,2018-05-22,-6.0,280.45
1813,2018-05-22,-22.8,257.65
1814,2018-05-23,-1.5,256.15
1815,2018-05-23,-4.8,251.35
1816,2018-05-23,-6.62,244.73
1817,2018-05-23,-8.04,236.69
1818,2018-05-23,-21.81,214.88
1819,2018-05-23,-17.05,197.83
1820,2018-05-23,-11.5,186.33
1821,2018-05-23,2686.6,2872.93
1828,2018-05-24,-10.5,876.43
1829,2018-05-24,-5.85,870.58
1830,2018-05-24,-10.0,860.58
1831,2018-05-24,-6.0,854.58
1832,2018-05-24,-11.5,843.08
1833,2018-05-24,-4.98,838.1
1834,2018-05-24,-6.8,831.3
1835,2018-05-25,-9.95,821.35
1836,2018-05-25,-40.0,781.35
1837,2018-05-25,-4.0,777.35
1838,2018-05-25,-3.5,773.85
1839,2018-05-25,-80.0,693.85
1841,2018-05-26,-20.0,413.85
1842,2018-05-26,-3.4,410.45
1843,2018-05-26,-22.0,388.45
1844,2018-05-26,-17.0,371.45
1846,2018-05-29,-8.0,623.45
1847,2018-05-29,-40.0,583.45
1848,2018-05-29,-7.6,575.85
1849,2018-05-29,-12.5,563.35
1850,2018-05-29,-13.0,550.35
1851,2018-05-29,-47.08,503.27
1852,2018-05-29,-2.49,500.78
1853,2018-05-29,-7.26,493.52
1854,2018-05-29,-5.97,487.55
1855,2018-05-29,-12.97,474.58
1856,2018-05-30,-8.0,466.58
1857,2018-05-30,-2.5,464.08
1858,2018-05-30,-3.0,461.08
1859,2018-05-30,-15.2,445.88
1860,2018-05-30,-30.14,415.74
1861,2018-05-30,-33.0,382.74
1862,2018-05-30,-11.64,371.1
1863,2018-05-30,-13.99,357.11
1864,2018-05-30,0.73,357.84
1865,2018-05-30,0.08,357.92
1866,2018-05-30,5.0,362.92
1867,2018-05-30,7.0,369.92
1868,2018-05-30,7.0,376.92
1869,2018-05-30,28.0,404.92
1870,2018-05-31,108.2,513.12
1871,2018-05-31,-7.0,506.12
1872,2018-05-31,-0.73,505.39
1873,2018-05-31,-0.08,505.31
1874,2018-05-31,-3.4,501.91
1875,2018-05-31,-3.1,498.81
1876,2018-05-31,-7.0,491.81
1877,2018-05-31,5.0,496.81
1878,2018-05-31,14.0,510.81
1879,2018-05-31,-40.0,470.81
1880,2018-06-01,-0.11,470.7
1881,2018-06-01,-8.0,462.7
1882,2018-06-01,-8.2,454.5
1883,2018-06-02,-2.0,452.5
1884,2018-06-02,-22.24,430.26
1885,2018-06-02,-89.5,340.76
1886,2018-06-02,-4.5,336.26
1887,2018-06-03,15.0,351.26
1888,2018-06-04,795.0,1146.26
1889,2018-06-05,-7.0,1139.26
1890,2018-06-05,-34.2,1105.06
1891,2018-06-05,-48.5,1056.56
1892,2018-06-05,-4.8,1051.76
1893,2018-06-05,-3.5,1048.26
1894,2018-06-05,-7.0,1041.26
1895,2018-06-05,-8.3,1032.96
1896,2018-06-05,14.0,1046.96
1897,2018-06-06,-6.0,1040.96
1898,2018-06-06,-7.0,1033.96
1899,2018-06-06,-3.0,1030.96
1900,2018-06-06,-5.0,1025.96
1901,2018-06-06,-15.97,1009.99
1902,2018-06-06,-0.48,1009.51
1903,2018-06-06,-11.99,997.52
1904,2018-06-06,-9.43,988.09
1905,2018-06-06,14.0,1002.09
1906,2018-06-06,2722.07,3724.16
1907,2018-06-07,-40.0,3684.16
1908,2018-06-07,-11.39,3672.77
1909,2018-06-07,-40.0,3632.77
1910,2018-06-07,-8.5,3624.27
1911,2018-06-07,-6.0,3618.27
1912,2018-06-07,-9.9,3608.37
1913,2018-06-07,-7.14,3601.23
1914,2018-06-07,-0.21,3601.02
1915,2018-06-07,-6.0,3595.02
1923,2018-06-07,150.0,1015.0
1924,2018-06-07,-140.0,875.0
1925,2018-06-08,-27.47,847.53
1926,2018-06-08,-5.5,842.03
1927,2018-06-08,-7.0,835.03
1928,2018-06-08,-52.68,782.35
1929,2018-06-08,-11.99,770.36
1930,2018-06-08,100.0,870.36
1932,2018-06-09,-8.8,601.56
1933,2018-06-09,-8.5,593.06
1934,2018-06-09,-44.5,548.56
1935,2018-06-09,-10.0,538.56
1937,2018-06-12,-11.5,787.06
1938,2018-06-12,-159.13,627.93
1939,2018-06-13,-30.56,597.37
1940,2018-06-13,-5.3,592.07
1941,2018-06-13,-12.99,579.08
1942,2018-06-13,-11.39,567.69
1943,2018-06-13,-14.99,552.7
1944,2018-06-13,-12.99,539.71
1945,2018-06-13,-87.28,452.43
1946,2018-06-13,-2.62,449.81
1947,2018-06-14,-11.99,437.82
1948,2018-06-14,-11.99,425.83
1949,2018-06-14,-12.7,413.13
1950,2018-06-14,-0.38,412.75
1951,2018-06-15,-11.42,401.33
1952,2018-06-15,-0.34,400.99
1953,2018-06-15,-18.55,382.44
1954,2018-06-15,-0.56,381.88
1955,2018-06-15,-38.23,343.65
1956,2018-06-15,-1.15,342.5
1957,2018-06-15,-12.8,329.7
1958,2018-06-15,-0.38,329.32
1961,2018-06-16,-3.99,1105.33
1962,2018-06-19,-109.58,995.75
1963,2018-06-19,-3.99,991.76
1964,2018-06-19,-103.93,887.83
1965,2018-06-19,-3.12,884.71
1966,2018-06-19,-63.91,820.8
1967,2018-06-19,-1.92,818.88
1968,2018-06-19,-92.48,726.4
1969,2018-06-19,-2.77,723.63
1970,2018-06-19,-233.88,489.75
1971,2018-06-19,-7.02,482.73
1972,2018-06-20,-28.2,454.53
1973,2018-06-20,-0.85,453.68
1974,2018-06-20,-21.15,432.53
1975,2018-06-20,-0.63,431.9
1976,2018-06-20,-25.45,406.45
1977,2018-06-20,-0.76,405.69
1978,2018-06-20,-11.99,393.7
1979,2018-06-20,-79.54,314.16
1980,2018-06-20,-2.39,311.77
1981,2018-06-20,-48.34,263.43
1982,2018-06-20,-1.45,261.98
1983,2018-06-20,2722.06,2984.04
1984,2018-06-21,-15.77,2968.27
1985,2018-06-21,-0.47,2967.8
1986,2018-06-21,-7.79,2960.01
1987,2018-06-21,-0.23,2959.78
1994,2018-06-22,-4.93,836.85
1995,2018-06-22,-0.15,836.7
1997,2018-06-23,-44.29,532.41
1998,2018-06-23,-1.33,531.08
1999,2018-06-23,-11.99,519.09
2002,2018-06-26,-21.69,1007.4
2003,2018-06-26,-0.65,1006.75
2004,2018-06-26,-14.48,992.27
2005,2018-06-26,-0.43,991.84
2006,2018-06-26,-7.84,984.0
2007,2018-06-26,-0.24,983.76
2008,2018-06-26,-32.67,951.09
2009,2018-06-26,-0.98,950.11
2010,2018-06-26,-29.97,920.14
2011,2018-06-26,-0.9,919.24
2012,2018-06-26,-68.88,850.36
2013,2018-06-26,-2.07,848.29
2014,2018-06-26,521.76,1370.05
2015,2018-06-27,-14.48,1355.57
2016,2018-06-27,-0.43,1355.14
2017,2018-06-27,-122.01,1233.13
2018,2018-06-27,-3.66,1229.47
2019,2018-06-27,-14.99,1214.48
2020,2018-06-27,-35.76,1178.72
2021,2018-06-27,-1.07,1177.65
2022,2018-06-27,-35.21,1142.44
2023,2018-06-27,-1.06,1141.38
2024,2018-06-28,127.42,1268.8
2025,2018-06-28,-35.52,1233.28
2026,2018-06-28,-1.07,1232.21
2027,2018-06-28,-108.95,1123.26
2028,2018-06-28,-3.27,1119.99
2029,2018-06-28,-70.07,1049.92
2030,2018-06-28,-2.1,1047.82
2031,2018-06-28,-10.99,1036.83
2032,2018-06-28,-12.96,1023.87
2033,2018-06-28,-0.39,1023.48
2034,2018-06-28,-181.12,842.36
2035,2018-06-28,-5.43,836.93
2036,2018-06-28,-32.59,804.34
2037,2018-06-28,-0.98,803.36
2038,2018-06-30,8.42,811.78
2039,2018-06-30,-8.07,803.71
2040,2018-06-30,-3.99,799.72
2041,2018-06-30,-9.99,789.73
2042,2018-06-30,-10.8,778.93
2043,2018-06-30,-10.7,768.23
2044,2018-06-30,-8.42,759.81
2045,2018-06-30,-10.13,749.68
2046,2018-06-30,-0.3,749.38
2047,2018-06-30,-4.0,745.38
2048,2018-07-01,-0.13,745.25
2051,2018-07-02,84.83,480.08
2052,2018-07-02,-40.0,440.08
2053,2018-07-03,-5.2,434.88
2054,2018-07-03,-3.85,431.03
2055,2018-07-03,-20.0,411.03
2056,2018-07-03,-8.24,402.79
2057,2018-07-03,-0.25,402.54
2058,2018-07-03,-14.3,388.24
2059,2018-07-03,-15.35,372.89
2060,2018-07-03,-0.46,372.43
2061,2018-07-03,-38.97,333.46
2062,2018-07-03,-1.17,332.29
2063,2018-07-03,-3.34,328.95
2064,2018-07-03,-0.1,328.85
2065,2018-07-03,-27.69,301.16
2066,2018-07-03,-0.83,300.33
2067,2018-07-03,-75.63,224.7
2068,2018-07-04,-14.99,209.71
2069,2018-07-04,-15.9,193.81
2070,2018-07-04,-25.26,168.55
2071,2018-07-04,2726.07,2894.62
2072,2018-07-05,-4.69,2889.93
2073,2018-07-05,-3.62,2886.31
2074,2018-07-05,-0.11,2886.2
2081,2018-07-06,-8.3,871.04
2082,2018-07-06,-9.4,861.64
2083,2018-07-06,-3.5,858.14
2084,2018-07-06,20.0,878.14
2086,2018-07-07,-65.14,553.0
2087,2018-07-07,-8.5,544.5
2088,2018-07-07,-6.0,538.5
2097,2018-07-09,-780.0,798.5
2098,2018-07-09,58.0,856.5
2100,2018-07-10,-1560.0,856.5
2101,2018-07-10,-19.5,837.0
2102,2018-07-10,-9.99,827.01
2103,2018-07-11,-8.5,818.51
2104,2018-07-11,-23.4,795.11
2105,2018-07-11,-31.4,763.71
2106,2018-07-11,-23.55,740.16
2107,2018-07-11,-194.0,546.16
2109,2018-07-12,-7.3,687.86
2110,2018-07-12,-149.0,538.86
2111,2018-07-12,-4.5,534.36
2112,2018-07-13,-6.3,528.06
2113,2018-07-13,-10.07,517.99
2114,2018-07-13,-23.34,494.65
2115,2018-07-13,-8.12,486.53
2116,2018-07-13,-12.69,473.84
2121,2018-07-14,-7.1,817.53
2122,2018-07-14,-4.8,812.73
2123,2018-07-14,-7.2,805.53
2124,2018-07-14,-11.99,793.54
2125,2018-07-17,-7.3,786.24
2126,2018-07-17,-14.5,771.74
2127,2018-07-17,-11.0,760.74
2128,2018-07-17,-350.0,410.74
2129,2018-07-17,-17.99,392.75
2130,2018-07-17,-48.0,344.75
2131,2018-07-17,-6.0,338.75
2133,2018-07-17,-70.0,318.75
2134,2018-07-18,-7.3,311.45
2135,2018-07-18,2726.07,3037.52
2140,2018-07-19,-780.0,1075.52
2141,2018-07-19,-7.15,1068.37
2142,2018-07-19,-8.0,1060.37
2143,2018-07-19,-10.2,1050.17
2144,2018-07-20,-14.5,1035.67
2145,2018-07-20,-7.15,1028.52
2146,2018-07-20,-20.15,1008.37
2147,2018-07-20,-7.0,1001.37
2148,2018-07-20,-109.58,891.79
2149,2018-07-20,-16.99,874.8
2150,2018-07-20,-3.5,871.3
2151,2018-07-20,-6.5,864.8
2152,2018-07-20,-5.0,859.8
2153,2018-07-20,-15.0,844.8
2154,2018-07-21,-20.23,824.57
2155,2018-07-22,-100.0,724.57
2156,2018-07-22,-40.0,684.57
2157,2018-07-23,-9.0,675.57
2158,2018-07-24,-30.0,645.57
2159,2018-07-24,-10.0,635.57
2160,2018-07-24,51.0,686.57
2161,2018-07-24,189.0,875.57
2165,2018-07-24,106.0,781.57
2166,2018-07-24,-10.0,771.57
2168,2018-07-25,-6.55,669.02
2169,2018-07-25,-15.9,653.12
2170,2018-07-25,-4.0,649.12
2171,2018-07-25,-11.99,637.13
2172,2018-07-25,-8.06,629.07
2174,2018-07-26,-7.8,711.27
2175,2018-07-26,-10.0,701.27
2176,2018-07-26,-50.0,651.27
2177,2018-07-26,-3.5,647.77
2178,2018-07-26,-9.85,637.92
2179,2018-07-26,-55.0,582.92
2180,2018-07-26,-5.0,577.92
2181,2018-07-26,-5.5,572.42
2182,2018-07-26,-4.0,568.42
2183,2018-07-26,-28.59,539.83
2184,2018-07-26,-5.5,534.33
2185,2018-07-26,-30.0,504.33
2186,2018-07-27,-7.3,497.03
2187,2018-07-27,-104.06,392.97
2188,2018-07-27,-2.0,390.97
2189,2018-07-28,-5.5,385.47
2190,2018-07-28,-10.5,374.97
2195,2018-07-31,-6.6,590.37
2196,2018-07-31,-7.8,582.57
2197,2018-07-31,-8.5,574.07
2198,2018-07-31,-7.7,566.37
2199,2018-07-31,-22.0,544.37
2200,2018-07-31,-20.0,524.37
2201,2018-07-31,-69.99,454.38
2202,2018-07-31,-132.0,322.38
2203,2018-07-31,-76.15,246.23
2204,2018-07-31,-2.0,244.23
2205,2018-07-31,-38.5,205.73
2206,2018-07-31,-14.5,191.23
2207,2018-07-31,-40.0,151.23
2208,2018-08-01,-7.15,144.08
2209,2018-08-01,-15.55,128.53
2210,2018-08-01,-20.02,108.51
2211,2018-08-01,-8.0,100.51
2212,2018-08-01,2726.07,2826.58
2217,2018-08-02,-780.0,1123.58
2218,2018-08-02,-6.3,1117.28
2219,2018-08-02,-8.5,1108.78
2220,2018-08-02,-6.5,1102.28
2224,2018-08-02,-100.0,852.28
2225,2018-08-02,-150.0,702.28
2229,2018-08-03,-10.24,1022.04
2230,2018-08-03,-5.8,1016.24
2231,2018-08-03,-3.5,1012.74
2232,2018-08-03,-3.5,1009.24
2233,2018-08-03,-59.0,950.24
2235,2018-08-04,-7.0,1068.24
2236,2018-08-04,-11.5,1056.74
2237,2018-08-04,-40.0,1016.74
2238,2018-08-04,-9.68,1007.06
2239,2018-08-04,-3.5,1003.56
2241,2018-08-07,-11.84,841.72
2242,2018-08-07,-62.84,778.88
2243,2018-08-07,-23.23,755.65
2244,2018-08-07,-22.15,733.5
2245,2018-08-07,-17.2,716.3
2246,2018-08-07,-3.5,712.8
2247,2018-08-07,-80.0,632.8
2248,2018-08-07,-125.0,507.8
2249,2018-08-07,-23.55,484.25
2250,2018-08-07,-13.05,471.2
2251,2018-08-07,-10.04,461.16
2252,2018-08-07,-20.0,441.16
2253,2018-08-07,-8.9,432.26
2254,2018-08-07,-44.0,388.26
2255,2018-08-07,-169.0,219.26
2260,2018-08-08,-11.65,1116.44
2261,2018-08-08,-92.0,1024.44
2262,2018-08-08,250.0,1274.44
2264,2018-08-09,-7.8,1016.64
2265,2018-08-09,-759.75,256.89
2266,2018-08-09,-25.0,231.89
2267,2018-08-09,-8.0,223.89
2268,2018-08-10,-7.0,216.89
2269,2018-08-10,-11.45,205.44
2270,2018-08-10,-12.0,193.44
2271,2018-08-10,-5.0,188.44
2272,2018-08-11,-7.0,181.44
2273,2018-08-11,-8.0,173.44
2276,2018-08-14,-40.0,278.44
2277,2018-08-14,-13.5,264.94
2278,2018-08-14,-11.0,253.94
2279,2018-08-14,-7.87,246.07
2280,2018-08-15,-3.85,242.22
2281,2018-08-15,-41.89,200.33
2282,2018-08-15,-4.0,196.33
2283,2018-08-15,-34.06,162.27
2284,2018-08-15,-6.35,155.92
2285,2018-08-15,-11.99,143.93
2286,2018-08-15,-9.99,133.94
2287,2018-08-15,-58.23,75.71
2288,2018-08-15,-22.66,53.05
2289,2018-08-15,-19.14,33.91
2290,2018-08-15,2726.07,2759.98
2291,2018-08-16,250.0,3009.98
2296,2018-08-16,-780.0,899.98
2299,2018-08-16,-7.3,658.39
2300,2018-08-16,-3.5,654.89
2301,2018-08-16,-3.5,651.39
2302,2018-08-18,-3.3,648.09
2303,2018-08-18,-3.5,644.59
2305,2018-08-19,30.0,674.19
2306,2018-08-19,80.0,754.19
2309,2018-08-21,-16.97,796.8
2310,2018-08-21,-30.0,766.8
2311,2018-08-21,-31.83,734.97
2312,2018-08-21,-9.0,725.97
2313,2018-08-21,-3.5,722.47
2314,2018-08-21,-109.58,612.89
2315,2018-08-21,-3.5,609.39
2316,2018-08-21,-2.99,606.4
2317,2018-08-21,-11.0,595.4
2318,2018-08-21,-50.0,545.4
2319,2018-08-22,-7.3,538.1
2320,2018-08-22,-21.55,516.55
2321,2018-08-22,-15.39,501.16
2322,2018-08-23,-7.3,493.86
2323,2018-08-23,-69.98,423.88
2324,2018-08-23,-3.5,420.38
2325,2018-08-23,-16.0,404.38
2326,2018-08-23,-7.0,397.38
2327,2018-08-24,-14.5,382.88
2328,2018-08-24,-7.8,375.08
2329,2018-08-25,-7.8,367.28
2330,2018-08-25,-11.99,355.29
2331,2018-08-25,-11.0,344.29
2333,2018-08-25,-40.0,344.29
2334,2018-08-26,-22.0,322.29
2335,2018-08-27,-66.0,256.29
2336,2018-08-27,12.5,268.79
2337,2018-08-27,12.5,281.29
2338,2018-08-27,12.5,293.79
2340,2018-08-27,-8.8,404.99
2342,2018-08-27,-170.0,299.99
2343,2018-08-27,-160.0,139.99
2344,2018-08-28,-20.0,119.99
2345,2018-08-28,-40.0,79.99
2346,2018-08-28,-18.71,61.28
2347,2018-08-28,-11.3,49.98
2348,2018-08-28,-4.49,45.49
2349,2018-08-28,-19.99,25.5
2351,2018-08-28,-9.5,156.0
2352,2018-08-29,-10.46,145.54
2353,2018-08-29,-19.8,125.74
2355,2018-08-29,-24.0,116.74
2356,2018-08-29,2726.07,2842.81
2361,2018-08-30,-780.0,638.94
2362,2018-08-30,-6.5,632.44
2363,2018-08-30,-99.83,532.61
2364,2018-08-30,-8.5,524.11
2365,2018-08-30,-7.35,516.76
2366,2018-08-31,25.0,541.76
2367,2018-08-31,-7.3,534.46
2368,2018-08-31,-40.0,494.46
2369,2018-09-01,-5.5,488.96
2370,2018-09-01,-0.05,488.91
2371,2018-09-01,-11.0,477.91
2372,2018-09-01,-80.0,397.91
2373,2018-09-01,-20.0,377.91
2375,2018-09-01,-80.0,357.91
2376,2018-09-01,-21.0,336.91
2377,2018-09-02,-13.2,323.71
2378,2018-09-03,-59.99,263.72
2381,2018-09-04,-11.2,436.43
2382,2018-09-04,-3.5,432.93
2383,2018-09-04,-13.5,419.43
2384,2018-09-04,12.5,431.93
2385,2018-09-05,-43.91,388.02
2386,2018-09-05,-10.5,377.52
2387,2018-09-05,-7.8,369.72
2388,2018-09-05,-7.5,362.22
2389,2018-09-05,-3.01,359.21
2390,2018-09-05,-59.0,300.21
2391,2018-09-05,-9.0,291.21
2392,2018-09-05,-8.0,283.21
2393,2018-09-05,-9.99,273.22
2394,2018-09-05,-19.99,253.23
2396,2018-09-05,38.0,714.23
2397,2018-09-06,-76.0,638.23
2398,2018-09-06,-423.97,214.26
2399,2018-09-06,-7.15,207.11
2400,2018-09-06,-9.5,197.61
2401,2018-09-06,-40.0,157.61
2403,2018-09-07,-5.0,192.61
2404,2018-09-07,-10.0,182.61
2405,2018-09-07,-5.5,177.11
2406,2018-09-07,-29.0,148.11
2408,2018-09-07,-180.0,148.11
2409,2018-09-07,-24.0,124.11
2410,2018-09-07,-34.0,90.11
2411,2018-09-08,-9.0,81.11
2412,2018-09-08,-6.0,75.11
2416,2018-09-11,-20.0,215.11
2417,2018-09-11,-5.85,209.26
2418,2018-09-11,-9.73,199.53
2419,2018-09-11,-18.0,181.53
2420,2018-09-11,-28.54,152.99
2421,2018-09-11,-7.0,145.99
2422,2018-09-11,-8.7,137.29
2423,2018-09-11,-7.8,129.49
2424,2018-09-11,-2.8,126.69
2425,2018-09-11,-5.0,121.69
2428,2018-09-11,-64.9,141.79
2429,2018-09-11,33.0,174.79
2430,2018-09-12,9.73,184.52
2431,2018-09-12,-5.98,178.54
2432,2018-09-12,-33.0,145.54
2433,2018-09-12,-15.46,130.08
2434,2018-09-12,-22.66,107.42
2435,2018-09-12,-28.5,78.92
2436,2018-09-12,-8.3,70.62
2437,2018-09-12,2726.07,2796.69
2443,2018-09-13,-780.0,589.77
2444,2018-09-13,-3.01,586.76
2445,2018-09-13,17.0,603.76
2446,2018-09-14,-11.99,591.77
2447,2018-09-14,-100.0,491.77
2449,2018-09-14,-13.8,577.97
2450,2018-09-14,-18.6,559.37
2451,2018-09-14,-25.99,533.38
2452,2018-09-15,-82.5,450.88
2453,2018-09-15,-13.69,437.19
2454,2018-09-15,-3.15,434.04
2456,2018-09-16,-34.0,509.62
2457,2018-09-17,-9.0,500.62
2458,2018-09-18,-9.5,491.12
2459,2018-09-18,-19.0,472.12
2460,2018-09-19,-18.44,453.68
2461,2018-09-19,-8.0,445.68
2462,2018-09-19,-8.0,437.68
2463,2018-09-20,-16.99,420.69
2464,2018-09-20,-109.58,311.11
2465,2018-09-20,-31.54,279.57
2466,2018-09-20,50.0,329.57
2469,2018-09-20,-7.5,344.07
2470,2018-09-20,37.0,381.07
2471,2018-09-20,-43.91,337.16
2472,2018-09-21,4799.0,5136.16
2473,2018-09-21,-7.98,5128.18
2474,2018-09-21,-5000.0,128.18
2476,2018-09-21,-40.0,289.18
2477,2018-09-21,34.0,323.18
2478,2018-09-22,-72.0,251.18
2479,2018-09-22,-50.0,201.18
2480,2018-09-24,-7.5,193.68
2482,2018-09-25,-6.0,387.68
2483,2018-09-25,-3.5,384.18
2484,2018-09-25,-7.49,376.69
2485,2018-09-25,-5.95,370.74
2486,2018-09-25,-29.75,340.99
2487,2018-09-25,-30.0,310.99
2488,2018-09-25,-7.5,303.49
2489,2018-09-25,-8.0,295.49
2490,2018-09-25,-160.0,135.49
2491,2018-09-26,-36.0,99.49
2492,2018-09-26,-27.2,72.29
2493,2018-09-26,-10.33,61.96
2494,2018-09-26,-139.0,-77.04
2496,2018-09-26,-8.0,114.96
2497,2018-09-26,-11.9,103.06
2498,2018-09-26,2726.07,2829.13
2503,2018-09-27,-780.0,625.26
2504,2018-09-27,-8.7,616.56
2505,2018-09-27,-15.97,600.59
2506,2018-09-27,-8.1,592.49
2507,2018-09-27,-22.0,570.49
2508,2018-09-27,-6.1,564.39
2509,2018-09-27,-307.6,256.79
2510,2018-09-27,-7.94,248.85
2511,2018-09-28,61.34,310.19
2512,2018-09-28,61.34,371.53
2513,2018-09-28,61.34,432.87
2514,2018-09-29,-16.15,416.72
2515,2018-09-29,-43.07,373.65
2516,2018-09-29,-5.5,368.15
2517,2018-09-30,-14.5,353.65
2518,2018-10-01,-0.05,353.6
2519,2018-10-01,-11.0,342.6
2520,2018-10-01,-16.7,325.9
2521,2018-10-01,-80.0,245.9
2522,2018-10-02,-0.85,245.05
2523,2018-10-02,-0.43,244.62
2524,2018-10-02,-15.08,229.54
2525,2018-10-02,-6.5,223.04
2526,2018-10-02,-29.95,193.09
2528,2018-10-02,-570.0,193.09
2530,2018-10-02,61.34,313.43
2532,2018-10-02,-35.21,320.63
2533,2018-10-02,-7.2,313.43
2535,2018-10-03,-4.3,5059.13
2536,2018-10-03,-6.5,5052.63
2537,2018-10-03,-24.94,5027.69
2538,2018-10-04,-37.36,4990.33
2539,2018-10-04,-56.07,4934.26
2540,2018-10-04,-59.0,4875.26
2541,2018-10-04,-4750.0,125.26
2542,2018-10-04,-8.1,117.16
2543,2018-10-04,-3.5,113.66
2544,2018-10-05,-20.0,93.66
2545,2018-10-05,-7.0,86.66
2546,2018-10-05,-12.3,74.36
2547,2018-10-06,-12.0,62.36
2548,2018-10-06,-30.0,32.36
2550,2018-10-06,-45.0,187.36
2551,2018-10-08,-10.2,177.16
2552,2018-10-08,-17.0,160.16
2553,2018-10-09,-6.6,153.56
2554,2018-10-09,-4.5,149.06
2555,2018-10-09,-15.76,133.3
2556,2018-10-09,-7.1,126.2
2557,2018-10-09,-8.5,117.7
2559,2018-10-09,-22.0,153.7
2560,2018-10-10,-8.0,145.7
2561,2018-10-10,-16.99,128.71
2562,2018-10-10,-8.0,120.71
2563,2018-10-10,-34.8,85.91
2564,2018-10-10,-13.8,72.11
2565,2018-10-10,-3.98,68.13
2566,2018-10-10,-8.0,60.13
2568,2018-10-10,2726.07,2886.2
2573,2018-10-11,-780.0,682.33
2574,2018-10-11,-7.0,675.33
2575,2018-10-11,-40.0,635.33
2576,2018-10-11,-8.0,627.33
2577,2018-10-11,-14.5,612.83
2578,2018-10-11,-49.96,562.87
2579,2018-10-12,-25.0,537.87
2580,2018-10-12,-41.34,496.53
2581,2018-10-12,-13.4,483.13
2582,2018-10-13,-6.6,476.53
2583,2018-10-13,-48.45,428.08
2584,2018-10-13,-24.24,403.84
2585,2018-10-13,-20.0,383.84
2586,2018-10-14,-24.0,359.84
2587,2018-10-14,-11.79,348.05
2588,2018-10-15,-8.0,340.05
2589,2018-10-16,-12.0,328.05
2590,2018-10-16,-3.3,324.75
2591,2018-10-16,-3.5,321.25
2592,2018-10-16,-11.99,309.26
2593,2018-10-16,-4.8,304.46
2597,2018-10-17,-356.82,415.22
2598,2018-10-17,-16.4,398.82
2599,2018-10-17,-8.5,390.32
2600,2018-10-17,-20.99,369.33
2601,2018-10-17,-22.36,346.97
2602,2018-10-17,-9.14,337.83
2603,2018-10-17,-9.14,328.69
2604,2018-10-17,-14.99,313.7
2605,2018-10-17,-8.5,305.2
2606,2018-10-18,-7.0,298.2
2607,2018-10-18,-8.7,289.5
2608,2018-10-18,-7.62,281.88
2609,2018-10-18,-3.0,278.88
2610,2018-10-18,-8.0,270.88
2611,2018-10-18,-8.0,262.88
2613,2018-10-18,-40.0,262.88
2614,2018-10-19,-109.58,153.3
2615,2018-10-19,-2.2,151.1
2616,2018-10-19,-7.62,143.48
2617,2018-10-19,-3.0,140.48
2618,2018-10-19,7.62,148.1
2619,2018-10-19,3.0,151.1
2620,2018-10-19,-5.0,146.1
2622,2018-10-20,-18.0,228.1
2623,2018-10-20,-12.0,216.1
2624,2018-10-20,-5.0,211.1
2625,2018-10-20,-50.0,161.1
2627,2018-10-22,-4.5,251.6
2628,2018-10-22,22.0,273.6
2629,2018-10-22,-4.4,269.2
2630,2018-10-23,-16.5,252.7
2631,2018-10-23,-3.3,249.4
2632,2018-10-23,-5.31,244.09
2633,2018-10-23,-105.0,139.09
2634,2018-10-23,-4.5,134.59
2635,2018-10-23,-7.5,127.09
2636,2018-10-23,-7.89,119.2
2638,2018-10-23,-19.99,139.21
2639,2018-10-24,-49.62,89.59
2640,2018-10-24,-17.06,72.53
2641,2018-10-24,-7.57,64.96
2642,2018-10-24,-7.8,57.16
2643,2018-10-24,-15.0,42.16
2644,2018-10-24,-5.22,36.94
2646,2018-10-24,2726.07,2863.01
2651,2018-10-25,-780.0,659.14
2652,2018-10-25,-5.99,653.15
2653,2018-10-25,-15.0,638.15
2654,2018-10-25,-9.93,628.22
2655,2018-10-25,-160.0,468.22
2656,2018-10-26,-20.0,448.22
2657,2018-10-26,-17.3,430.92
2658,2018-10-27,-10.0,420.92
2659,2018-10-29,-40.0,380.92
2660,2018-10-29,-29.91,351.01
2661,2018-10-30,-19.98,331.03
2662,2018-10-30,-10.65,320.38
2663,2018-10-30,-8.0,312.38
2664,2018-10-30,-24.8,287.58
2665,2018-10-31,-52.6,234.98
2666,2018-10-31,-9.99,224.99
2667,2018-10-31,-18.25,206.74
2668,2018-10-31,-8.5,198.24
2669,2018-10-31,-7.3,190.94
2670,2018-10-31,-7.3,183.64
2671,2018-10-31,-40.0,143.64
2672,2018-11-01,-11.95,131.69
2673,2018-11-01,-12.0,119.69
2674,2018-11-01,-22.5,97.19
2675,2018-11-02,-2.2,94.99
2676,2018-11-02,-2.0,92.99
2677,2018-11-02,-8.5,84.49
2679,2018-11-03,-7.0,177.49
2680,2018-11-03,-59.0,118.49
2681,2018-11-03,-8.0,110.49
2683,2018-11-04,-60.0,130.49
2686,2018-11-05,-33.4,216.09
2687,2018-11-05,-7.0,209.09
2688,2018-11-06,-7.15,201.94
2689,2018-11-06,-2.2,199.74
2690,2018-11-06,-5.5,194.24
2691,2018-11-06,-7.0,187.24
2692,2018-11-07,-62.48,124.76
2693,2018-11-07,-3.5,121.26
2694,2018-11-07,-10.79,110.47
2695,2018-11-07,-12.7,97.77
2696,2018-11-07,-7.5,90.27
2698,2018-11-07,-16.0,114.27
2700,2018-11-07,2726.07,2860.34
2705,2018-11-08,-780.0,656.47
2706,2018-11-08,-53.1,603.37
2707,2018-11-08,-4.99,598.38
2708,2018-11-08,-4.3,594.08
2709,2018-11-08,-4.99,589.09
2710,2018-11-08,-19.98,569.11
2711,2018-11-10,-25.0,544.11
2712,2018-11-10,-15.12,528.99
2713,2018-11-10,-50.0,478.99
2714,2018-11-10,-10.0,468.99
2715,2018-11-10,-10.0,458.99
2716,2018-11-11,-8.6,450.39
2717,2018-11-13,-7.0,443.39
2718,2018-11-13,-17.15,426.24
2719,2018-11-13,-4.8,421.44
2720,2018-11-13,-19.5,401.94
2721,2018-11-13,-10.5,391.44
2722,2018-11-13,-7.5,383.94
2723,2018-11-14,-14.3,369.64
2724,2018-11-14,-11.99,357.65
2725,2018-11-14,-125.0,232.65
2726,2018-11-14,-4.5,228.15
2727,2018-11-14,-45.16,182.99
2728,2018-11-14,-40.0,142.99
2729,2018-11-14,-4.0,138.99
2730,2018-11-14,-15.8,123.19
2731,2018-11-15,-7.0,116.19
2732,2018-11-15,-17.99,98.2
2733,2018-11-15,-5.0,93.2
2734,2018-11-15,-8.25,84.95
2735,2018-11-16,-4.5,80.45
2736,2018-11-16,-12.9,67.55
2738,2018-11-16,-84.92,182.63
2739,2018-11-17,-7.0,175.63
2740,2018-11-18,-28.6,147.03
2743,2018-11-20,-7.49,303.54
2744,2018-11-20,-11.51,292.03
2745,2018-11-20,-5.8,286.23
2746,2018-11-20,-3.5,282.73
2747,2018-11-20,-20.14,262.59
2748,2018-11-20,18.18,280.77
2749,2018-11-20,19.18,299.95
2750,2018-11-20,14.18,314.13
2751,2018-11-21,-111.0,203.13
2752,2018-11-21,-38.49,164.64
2753,2018-11-21,-19.63,145.01
2754,2018-11-21,-21.5,123.51
2755,2018-11-21,-21.12,102.39
2756,2018-11-21,14.21,116.6
2757,2018-11-21,14.21,130.81
2758,2018-11-21,2726.06,2856.87
2763,2018-11-22,-780.0,653.0
2764,2018-11-22,-7.0,646.0
2765,2018-11-22,-4.5,641.5
2766,2018-11-22,-20.0,621.5
2767,2018-11-22,-3.45,618.05
2768,2018-11-23,-6.6,611.45
2769,2018-11-23,-16.5,594.95
2770,2018-11-23,19.18,614.13
2771,2018-11-23,-8.08,606.05
2772,2018-11-23,-19.7,586.35
2773,2018-11-24,-42.65,543.7
2774,2018-11-24,-32.48,511.22
2775,2018-11-24,-34.0,477.22
2776,2018-11-24,32.0,509.22
2777,2018-11-25,-25.66,483.56
2778,2018-11-26,4.4,487.96
2779,2018-11-26,-160.0,327.96
2780,2018-11-27,-5.3,322.66
2781,2018-11-27,-2.2,320.46
2782,2018-11-28,-62.79,257.67
2783,2018-11-28,-4.5,253.17
2784,2018-11-29,-3.54,249.63
2785,2018-11-29,-2.2,247.43
2786,2018-11-29,-2.2,245.23
2787,2018-11-30,-7.0,238.23
2788,2018-11-30,-17.5,220.73
2790,2018-11-30,-108.78,220.73
2791,2018-11-30,-40.0,180.73
2793,2018-11-30,-152.0,328.73
2794,2018-12-01,-3.54,325.19
2795,2018-12-01,-3.54,321.65
2796,2018-12-01,-1.8,319.85
2797,2018-12-02,-29.5,290.35
2800,2018-12-02,-6.0,393.35
2801,2018-12-03,36.5,429.85
2804,2018-12-03,-40.0,389.85
2805,2018-12-04,-7.0,382.85
2806,2018-12-04,-5.0,377.85
2807,2018-12-04,-30.0,347.85
2808,2018-12-04,-109.58,238.27
2809,2018-12-04,-10.99,227.28
2810,2018-12-04,-20.0,207.28
2811,2018-12-04,-5.3,201.98
2812,2018-12-04,-7.5,194.48
2813,2018-12-04,-7.5,186.98
2815,2018-12-04,-15.25,185.68
2817,2018-12-04,-5.36,200.32
2818,2018-12-05,-58.26,142.06
2819,2018-12-05,-59.0,83.06
2820,2018-12-05,-14.99,68.07
2821,2018-12-05,-19.0,49.07
2822,2018-12-05,-7.0,42.07
2823,2018-12-05,-13.5,28.57
2824,2018-12-05,6386.07,6414.64
2825,2018-12-06,-8.1,6406.54
2830,2018-12-06,-780.0,4202.67
2831,2018-12-06,-2641.0,1561.67
2835,2018-12-07,-5.7,525.97
2836,2018-12-07,-29.49,496.48
2837,2018-12-08,-40.0,456.48
2838,2018-12-09,-8.4,448.08
2839,2018-12-10,-143.25,304.83
2840,2018-12-10,48.0,352.83
2841,2018-12-11,-3.54,349.29
2842,2018-12-11,-3.54,345.75
2843,2018-12-11,-10.0,335.75
2844,2018-12-11,-2.1,333.65
2845,2018-12-11,-6.0,327.65
2846,2018-12-11,-5.0,322.65
2847,2018-12-11,-3.99,318.66
2848,2018-12-11,-2.2,316.46
2849,2018-12-11,-4.5,311.96
2850,2018-12-11,-7.2,304.76
2851,2018-12-13,-15.87,288.89
2852,2018-12-13,-40.0,248.89
2853,2018-12-13,-8.1,240.79
2854,2018-12-13,-4.5,236.29
2855,2018-12-13,-7.5,228.79
2856,2018-12-13,-10.5,218.29
2857,2018-12-14,-3.54,214.75
2858,2018-12-14,-3.54,211.21
2859,2018-12-14,-3.54,207.67
2860,2018-12-14,-3.54,204.13
2861,2018-12-14,-7.49,196.64
2862,2018-12-14,-8.5,188.14
2863,2018-12-14,-11.99,176.15
2864,2018-12-14,-10.99,165.16
2865,2018-12-15,-3.5,161.66
2866,2018-12-15,-32.98,128.68
2868,2018-12-18,-14.2,314.48
2869,2018-12-18,-9.0,305.48
2870,2018-12-18,-6.0,299.48
2871,2018-12-18,-10.5,288.98
2872,2018-12-18,-34.68,254.3
2873,2018-12-19,-55.66,198.64
2874,2018-12-19,-10.05,188.59
2875,2018-12-19,-19.78,168.81
2876,2018-12-19,-9.0,159.81
2877,2018-12-19,-8.3,151.51
2878,2018-12-19,-8.12,143.39
2879,2018-12-19,-95.0,48.39
2880,2018-12-19,-8.0,40.39
2881,2018-12-19,-8.3,32.09
2883,2018-12-19,3324.95,3400.04
2888,2018-12-20,-780.0,1196.17
2889,2018-12-20,-18.18,1177.99
2890,2018-12-20,-10.99,1167.0
2891,2018-12-20,-7.75,1159.25
2892,2018-12-20,-28.0,1131.25
2893,2018-12-20,-6.9,1124.35
2896,2018-12-21,-27.99,536.36
2897,2018-12-21,-10.98,525.38
2898,2018-12-21,37.0,562.38
2899,2018-12-21,31.5,593.88
2900,2018-12-21,33.5,627.38
2901,2018-12-21,-177.5,449.88
2902,2018-12-21,-26.68,423.2
2903,2018-12-21,30.0,453.2
2904,2018-12-22,-21.05,432.15
2905,2018-12-22,-3.2,428.95
2906,2018-12-22,-40.0,388.95
2907,2018-12-22,-52.0,336.95
2908,2018-12-25,-10.0,326.95
2909,2018-12-25,-10.99,315.96
2910,2018-12-25,-77.59,238.37
2911,2018-12-25,-9.5,228.87
2912,2018-12-26,-52.0,176.87
2913,2018-12-27,-160.0,16.87
2914,2018-12-28,-1.99,14.88
2915,2018-12-28,-5.21,9.67
2916,2018-12-28,-8.15,1.52
2917,2018-12-28,-10.0,-8.48
2918,2018-12-28,-34.0,-42.48
2919,2018-12-28,-14.99,-57.47
2921,2018-12-28,-44.0,198.53
2923,2018-12-28,-159.95,438.58
2925,2018-12-29,11.0,309.58
2926,2018-12-29,20.0,329.58
2927,2018-12-29,150.0,479.58
2930,2018-12-30,-106.0,423.58
2931,2018-12-30,-50.0,373.58
2932,2018-12-31,-40.25,333.33
2933,2019-01-01,-0.03,333.3
2934,2019-01-01,-7.5,325.8
2935,2019-01-01,-19.99,305.81
2936,2019-01-01,-12.99,292.82
2937,2019-01-01,-22.15,270.67
2938,2019-01-01,-11.99,258.68
2941,2019-01-02,-25.5,437.18
2942,2019-01-02,2736.31,3173.49
2947,2019-01-03,-780.0,969.62
2948,2019-01-03,-38.97,930.65
2949,2019-01-03,-109.58,821.07
2950,2019-01-03,-20.0,801.07
2951,2019-01-03,-21.85,779.22
2952,2019-01-03,-18.64,760.58
2953,2019-01-03,-17.0,743.58
2954,2019-01-03,-9.54,734.04
2955,2019-01-03,-4.5,729.54
2956,2019-01-03,-12.5,717.04
2957,2019-01-03,-4.99,712.05
2959,2019-01-03,-3.55,558.5
2960,2019-01-04,-59.0,499.5
2961,2019-01-04,-263.5,236.0
2962,2019-01-04,-39.95,196.05
2963,2019-01-05,-18.0,178.05
2964,2019-01-05,-12.0,166.05
2965,2019-01-05,-22.0,144.05
2967,2019-01-06,-12.4,331.65
2968,2019-01-06,-4.2,327.45
2970,2019-01-07,-7.5,519.95
2971,2019-01-08,-15.21,504.74
2972,2019-01-08,-23.0,481.74
2973,2019-01-08,-40.13,441.61
2974,2019-01-08,-4.15,437.46
2975,2019-01-08,-14.5,422.96
2976,2019-01-08,-40.0,382.96
2977,2019-01-08,-4.5,378.46
2978,2019-01-08,-29.01,349.45
2980,2019-01-08,-129.0,420.45
2981,2019-01-08,-8.31,412.14
2982,2019-01-08,-1.89,410.25
2983,2019-01-08,-6.0,404.25
2984,2019-01-08,-9.06,395.19
2985,2019-01-09,-9.78,385.41
2986,2019-01-09,-13.35,372.06
2987,2019-01-09,-40.21,331.85
2988,2019-01-09,-8.0,323.85
2989,2019-01-09,-33.6,290.25
2990,2019-01-09,-6.6,283.65
2991,2019-01-09,-17.81,265.84
2992,2019-01-10,-26.33,239.51
2993,2019-01-10,-7.0,232.51
2994,2019-01-10,-18.22,214.29
2995,2019-01-10,-89.0,125.29
2996,2019-01-10,1.0,126.29
2997,2019-01-10,-1.0,125.29
2998,2019-01-10,-13.0,112.29
2999,2019-01-10,-7.0,105.29
3000,2019-01-11,-3.5,101.79
3001,2019-01-11,-9.0,92.79
3003,2019-01-11,-218.25,134.54
3004,2019-01-11,72.75,207.29
3005,2019-01-11,-8.5,198.79
3006,2019-01-12,72.75,271.54
3007,2019-01-12,-14.5,257.04
3008,2019-01-12,-24.48,232.56
3012,2019-01-13,-20.5,566.78
3013,2019-01-13,24.0,590.78
3014,2019-01-14,32.0,622.78
3015,2019-01-14,24.0,646.78
3016,2019-01-15,-9.0,637.78
3017,2019-01-15,-11.99,625.79
3018,2019-01-15,-14.99,610.8
3019,2019-01-15,-11.0,599.8
3020,2019-01-15,-7.0,592.8
3021,2019-01-16,-29.0,563.8
3022,2019-01-16,-79.2,484.6
3023,2019-01-16,-58.16,426.44
3024,2019-01-16,-18.0,408.44
3025,2019-01-16,-236.99,171.45
3026,2019-01-16,-1.49,169.96
3027,2019-01-16,-27.3,142.66
3028,2019-01-16,-17.99,124.67
3032,2019-01-16,-19.98,304.69
3033,2019-01-16,2772.64,3077.33
3034,2019-01-16,75.0,3152.33
3039,2019-01-17,-780.0,948.46
3040,2019-01-17,-15.0,933.46
3042,2019-01-18,-104.34,669.12
3043,2019-01-18,-104.96,564.16
3044,2019-01-18,-9.9,554.26
3045,2019-01-18,-10.0,544.26
3046,2019-01-18,-6.5,537.76
3047,2019-01-19,-9.0,528.76
3049,2019-01-19,228.4,1099.16
3050,2019-01-19,-36.0,1063.16
3051,2019-01-19,1.0,1064.16
3052,2019-01-19,-1.0,1063.16
3053,2019-01-20,-14.91,1048.25
3054,2019-01-20,-5.99,1042.26
3055,2019-01-21,-40.0,1002.26
3057,2019-01-21,-10.5,751.76
3058,2019-01-22,-11.36,740.4
3059,2019-01-22,-3.0,737.4
3060,2019-01-22,-105.0,632.4
3061,2019-01-22,-18.15,614.25
3062,2019-01-22,-15.19,599.06
3063,2019-01-23,-29.2,569.86
3064,2019-01-23,-342.57,227.29
3065,2019-01-23,-8.55,218.74
3066,2019-01-23,-32.02,186.72
3067,2019-01-23,-2.95,183.77
3068,2019-01-23,-22.48,161.29
3069,2019-01-24,-4.0,157.29
3070,2019-01-24,-5.59,151.7
3071,2019-01-24,-10.58,141.12
3072,2019-01-24,-14.99,126.13
3073,2019-01-25,-7.5,118.63
3074,2019-01-25,-160.0,-41.37
3075,2019-01-26,-9.95,-51.32
3078,2019-01-26,-37.96,510.72
3079,2019-01-27,-31.46,479.26
3080,2019-01-28,-3.6,475.66
3081,2019-01-29,-14.3,461.36
3082,2019-01-29,-10.0,451.36
3083,2019-01-30,-33.4,417.96
3084,2019-01-30,-16.74,401.22
3085,2019-01-30,-13.5,387.72
3086,2019-01-30,-14.45,373.27
3087,2019-01-30,-5.99,367.28
3088,2019-01-30,-58.97,308.31
3089,2019-01-30,-29.44,278.87
3090,2019-01-30,-19.74,259.13
3091,2019-01-30,-43.2,215.93
3092,2019-01-30,2772.64,2988.57
3093,2019-01-31,-11.99,2976.58
3094,2019-01-31,-52.46,2924.12
3095,2019-01-31,-7.95,2916.17
3096,2019-01-31,-12.87,2903.3
3097,2019-01-31,-87.11,2816.19
3102,2019-01-31,-780.0,612.32
3103,2019-01-31,-6.2,606.12
3105,2019-01-31,-2.5,581.62
3106,2019-01-31,-5.09,576.53
3107,2019-01-31,-40.0,536.53
3108,2019-02-01,-0.06,536.47
3109,2019-02-01,-11.55,524.92
3110,2019-02-01,-9.5,515.42
3111,2019-02-01,-4.75,510.67
3112,2019-02-01,-9.5,501.17
3113,2019-02-01,-40.0,461.17
3114,2019-02-01,-1.0,460.17
3115,2019-02-01,1.0,461.17
3116,2019-02-01,-25.0,436.17
3117,2019-02-02,-3.54,432.63
3118,2019-02-02,-18.7,413.93
3119,2019-02-03,-79.57,334.36
3120,2019-02-03,-20.0,314.36
3121,2019-02-04,-8.99,305.37
3122,2019-02-05,-3.54,301.83
3123,2019-02-05,-3.54,298.29
3124,2019-02-05,-10.95,287.34
3125,2019-02-05,-12.99,274.35
3126,2019-02-05,-59.0,215.35
3127,2019-02-05,-30.0,185.35
3128,2019-02-05,-6.95,178.4
3129,2019-02-05,1.0,179.4
3130,2019-02-05,-1.0,178.4
3131,2019-02-06,-33.85,144.55
3132,2019-02-06,-13.02,131.53
3133,2019-02-06,-13.96,117.57
3134,2019-02-06,-6.8,110.77
3135,2019-02-06,-4.5,106.27
3137,2019-02-07,-6.45,249.82
3138,2019-02-07,-16.99,232.83
3139,2019-02-07,-14.99,217.84
3140,2019-02-08,-7.0,210.84
3141,2019-02-08,-70.4,140.44
3142,2019-02-08,2.0,142.44
3143,2019-02-08,-2.0,140.44
3144,2019-02-09,-12.99,127.45
3145,2019-02-09,-22.46,104.99
3150,2019-02-11,-97.0,569.99
3151,2019-02-12,-192.44,377.55
3152,2019-02-12,-8.8,368.75
3153,2019-02-12,-7.0,361.75
3154,2019-02-12,-3.5,358.25
3155,2019-02-12,-10.19,348.06
3156,2019-02-13,-55.13,292.93
3157,2019-02-13,-81.5,211.43
3158,2019-02-13,-5.0,206.43
3159,2019-02-13,-64.99,141.44
3160,2019-02-13,-14.42,127.02
3161,2019-02-13,-5.3,121.72
3162,2019-02-13,-29.98,91.74
3163,2019-02-13,-4.99,86.75
3164,2019-02-13,-6.6,80.15
3165,2019-02-13,2772.64,2852.79
3170,2019-02-14,-780.0,648.92
3171,2019-02-14,-11.99,636.93
3172,2019-02-14,-15.0,621.93
3173,2019-02-14,-3.5,618.43
3175,2019-02-14,-5225.0,618.43
3177,2019-02-15,-7.0,511.43
3178,2019-02-15,-9.97,501.46
3179,2019-02-15,-1.49,499.97
3180,2019-02-16,-12.69,487.28
3181,2019-02-16,-80.0,407.28
3182,2019-02-16,-40.0,367.28
3183,2019-02-16,18.0,385.28
3184,2019-02-17,-17.46,367.82
3185,2019-02-18,-4.5,363.32
3186,2019-02-19,-30.0,333.32
3187,2019-02-19,-3.54,329.78
3188,2019-02-19,-2.7,327.08
3189,2019-02-19,-104.34,222.74
3190,2019-02-19,-12.1,210.64
3191,2019-02-19,-10.49,200.15
3192,2019-02-20,-29.1,171.05
3193,2019-02-20,-5.3,165.75
3194,2019-02-20,-10.99,154.76
3195,2019-02-20,-26.99,127.77
3196,2019-02-20,-15.35,112.42
3197,2019-02-20,-7.0,105.42
3198,2019-02-20,-15.7,89.72
3199,2019-02-21,-35.0,54.72
3200,2019-02-21,-18.5,36.22
3201,2019-02-21,-9.5,26.72
3202,2019-02-21,-5.5,21.22
3204,2019-02-22,-14.5,206.72
3205,2019-02-23,-6.0,200.72
3206,2019-02-24,-34.48,166.24
3208,2019-02-25,-17.0,249.24
3209,2019-02-25,-160.0,89.24
3212,2019-02-26,-9.99,309.25
3213,2019-02-26,-24.16,285.09
3214,2019-02-26,-68.5,216.59
3215,2019-02-26,-40.0,176.59
3216,2019-02-26,-14.5,162.09
3218,2019-02-27,-65.94,146.15
3219,2019-02-27,-8.2,137.95
3220,2019-02-27,2724.64,2862.59
3221,2019-02-28,-21.32,2841.27
3222,2019-02-28,-8.32,2832.95
3223,2019-02-28,-6.0,2826.95
3224,2019-02-28,-22.5,2804.45
3225,2019-02-28,-9.0,2795.45
3226,2019-02-28,-8.76,2786.69
3231,2019-02-28,-780.0,582.82
3232,2019-02-28,-7.98,574.84
3233,2019-03-01,-3.5,571.34
3234,2019-03-01,-18.54,552.8
3235,2019-03-01,-8.5,544.3
3236,2019-03-01,-40.0,504.3
3237,2019-03-02,-1.68,502.62
3238,2019-03-02,-6.5,496.12
3239,2019-03-03,-20.48,475.64
3240,2019-03-04,-4.5,471.14
3241,2019-03-04,-53.97,417.17
3242,2019-03-05,-2.2,414.97
3243,2019-03-05,-15.0,399.97
3244,2019-03-05,-5.08,394.89
3245,2019-03-05,-13.29,381.6
3246,2019-03-05,-3.0,378.6
3247,2019-03-05,-96.99,281.61
3248,2019-03-05,-9.5,272.11
3249,2019-03-05,-150.0,122.11
3250,2019-03-06,-65.5,56.61
3251,2019-03-06,-59.0,-2.39
3252,2019-03-06,-30.97,-33.36
3254,2019-03-06,-4.5,262.14
3255,2019-03-06,-19.0,243.14
3256,2019-03-07,-9.0,234.14
3257,2019-03-07,-4.2,229.94
3258,2019-03-07,-40.0,189.94
3259,2019-03-08,-12.0,177.94
3260,2019-03-08,-20.92,157.02
3261,2019-03-08,-104.01,53.01
3263,2019-03-08,-197.0,256.01
3264,2019-03-09,-4.01,252.0
3265,2019-03-09,-22.2,229.8
3267,2019-03-09,-20.0,409.8
3268,2019-03-09,-18.0,391.8
3269,2019-03-11,-10.5,381.3
3270,2019-03-12,-12.0,369.3
3271,2019-03-12,-15.52,353.78
3272,2019-03-12,-7.5,346.28
3273,2019-03-12,-6.0,340.28
3274,2019-03-13,-13.49,326.79
3275,2019-03-13,-13.98,312.81
3276,2019-03-13,-4.0,308.81
3277,2019-03-13,-8.0,300.81
3278,2019-03-13,-5.0,295.81
3279,2019-03-13,-59.89,235.92
3280,2019-03-13,-4.99,230.93
3281,2019-03-13,-10.9,220.03
3282,2019-03-13,-1.2,218.83
3283,2019-03-13,-11.03,207.8
3284,2019-03-13,2724.64,2932.44
3290,2019-03-14,-780.0,598.57
3291,2019-03-14,-49.98,548.59
3292,2019-03-14,-11.99,536.6
3293,2019-03-14,-8.25,528.35
3294,2019-03-14,-5.9,522.45
3295,2019-03-14,-11.6,510.85
3298,2019-03-15,-137.32,1506.53
3299,2019-03-15,-91.21,1415.32
3300,2019-03-15,-1.49,1413.83
3301,2019-03-16,-7.0,1406.83
3302,2019-03-16,-11.77,1395.06
3303,2019-03-16,-58.4,1336.66
3304,2019-03-17,-30.8,1305.86
3305,2019-03-18,900.0,2205.86
3306,2019-03-18,-40.0,2165.86
3307,2019-03-18,-4.2,2161.66
3308,2019-03-18,16.0,2177.66
3309,2019-03-19,-104.34,2073.32
3310,2019-03-19,-895.0,1178.32
3311,2019-03-19,-24.67,1153.65
3314,2019-03-20,-3.8,499.85
3315,2019-03-20,-32.65,467.2
3316,2019-03-20,-24.75,442.45
3317,2019-03-20,-8.6,433.85
3318,2019-03-20,-5.98,427.87
3319,2019-03-21,-35.0,392.87
3320,2019-03-21,-17.5,375.37
3321,2019-03-21,-18.5,356.87
3322,2019-03-21,-11.99,344.88
3323,2019-03-21,-92.45,252.43
3324,2019-03-22,-6.8,245.63
3325,2019-03-22,-3.8,241.83
3326,2019-03-22,-10.0,231.83
3327,2019-03-22,-8.0,223.83
3328,2019-03-22,-83.3,140.53
3329,2019-03-22,-1.0,139.53
3330,2019-03-23,-3.5,136.03
3331,2019-03-23,-5.98,130.05
3332,2019-03-23,-56.7,73.35
3334,2019-03-23,-45.0,228.35
3335,2019-03-23,28.35,256.7
3336,2019-03-24,-14.5,242.2
3337,2019-03-24,-28.56,213.64
3339,2019-03-25,42.59,406.23
3340,2019-03-25,-163.43,242.8
3342,2019-03-26,-40.0,302.8
3343,2019-03-27,-79.34,223.46
3344,2019-03-27,-8.12,215.34
3345,2019-03-27,-129.95,85.39
3346,2019-03-27,-12.9,72.49
3348,2019-03-27,-20.0,72.49
3349,2019-03-27,2724.64,2797.13
3350,2019-03-28,-19.99,2777.14
3351,2019-03-28,-0.9,2776.24
3356,2019-03-28,-780.0,572.37
3357,2019-03-28,-50.0,522.37
3358,2019-03-29,-3.5,518.87
3359,2019-03-29,37.6,556.47
3360,2019-03-29,-8.99,547.48
3361,2019-03-30,-29.52,517.96
3362,2019-03-30,-24.5,493.46
3363,2019-03-30,-3.3,490.16
3364,2019-03-31,-36.6,453.56
3365,2019-03-31,-16.85,436.71
3366,2019-04-01,-0.02,436.69
3367,2019-04-01,-7.8,428.89
3368,2019-04-01,-40.0,388.89
3369,2019-04-02,-7.0,381.89
3370,2019-04-02,-10.99,370.9
3371,2019-04-02,-9.0,361.9
3372,2019-04-02,-77.41,284.49
3373,2019-04-02,-4.5,279.99
3374,2019-04-02,-79.0,200.99
3375,2019-04-02,-3.7,197.29
3376,2019-04-03,-3.54,193.75
3377,2019-04-03,-59.0,134.75
3378,2019-04-03,-7.75,127.0
3379,2019-04-04,-19.0,108.0
3380,2019-04-04,-21.21,86.79
3381,2019-04-04,-2.0,84.79
3382,2019-04-04,-6.25,78.54
3383,2019-04-05,-12.99,65.55
3384,2019-04-05,-9.03,56.52
3385,2019-04-05,-15.4,41.12
3386,2019-04-05,-5.0,36.12
3388,2019-04-06,-3.54,232.58
3389,2019-04-06,-0.99,231.59
3390,2019-04-06,-40.0,191.59
3391,2019-04-07,-23.2,168.39
3392,2019-04-08,-4.5,163.89
3393,2019-04-09,-3.54,160.35
3394,2019-04-09,-20.37,139.98
3395,2019-04-09,-6.34,133.64
3396,2019-04-09,-9.0,124.64
3398,2019-04-10,-7.5,317.14
3399,2019-04-10,-4.99,312.15
3400,2019-04-10,-13.5,298.65
3401,2019-04-10,-50.99,247.66
3403,2019-04-10,2724.63,3072.29
3408,2019-04-11,-780.0,868.42
3409,2019-04-11,-11.95,856.47
3410,2019-04-11,-5.45,851.02
3411,2019-04-11,-3.7,847.32
3412,2019-04-11,-9.49,837.83
3413,2019-04-11,-6.3,831.53
3414,2019-04-12,-6.5,825.03
3415,2019-04-12,-11.99,813.04
3416,2019-04-12,-129.95,683.09
3417,2019-04-12,-7.5,675.59
3418,2019-04-12,26.4,701.99
3419,2019-04-12,26.4,728.39
3420,2019-04-12,-79.2,649.19
3421,2019-04-13,-12.49,636.7
3422,2019-04-13,-200.0,436.7
3423,2019-04-13,24.0,460.7
3424,2019-04-13,27.0,487.7
3425,2019-04-13,-6.0,481.7
3426,2019-04-14,-16.19,465.51
3427,2019-04-14,-6.0,459.51
3428,2019-04-14,-9.97,449.54
3429,2019-04-15,-6.5,443.04
3431,2019-04-16,-22.99,520.05
3432,2019-04-16,-6.37,513.68
3433,2019-04-16,-13.6,500.08
3434,2019-04-16,-20.73,479.35
3435,2019-04-16,-21.23,458.12
3436,2019-04-16,-15.0,443.12
3437,2019-04-16,-11.99,431.13
3438,2019-04-16,-105.0,326.13
3439,2019-04-16,-3.5,322.63
3440,2019-04-16,-28.98,293.65
3441,2019-04-17,-67.3,226.35
3442,2019-04-17,-1.99,224.36
3443,2019-04-17,-69.46,154.9
3444,2019-04-17,-3.5,151.4
3445,2019-04-17,-1.49,149.91
3446,2019-04-17,-4.99,144.92
3447,2019-04-17,-11.2,133.72
3448,2019-04-17,-5.0,128.72
3449,2019-04-17,-14.5,114.22
3450,2019-04-18,-11.95,102.27
3451,2019-04-18,-11.99,90.28
3452,2019-04-18,-9.99,80.29
3453,2019-04-18,-13.99,66.3
3454,2019-04-18,-12.99,53.31
3456,2019-04-18,-20.0,133.31
3457,2019-04-18,-40.0,93.31
3458,2019-04-19,-9.0,84.31
3460,2019-04-23,-13.5,170.81
3461,2019-04-24,-26.0,144.81
3462,2019-04-24,-12.99,131.82
3463,2019-04-24,-8.0,123.82
3464,2019-04-24,-12.6,111.22
3465,2019-04-24,-1.5,109.72
3466,2019-04-24,5060.44,5170.16
3471,2019-04-25,-780.0,2966.29
3472,2019-04-25,-4.8,2961.49
3473,2019-04-25,-46.11,2915.38
3474,2019-04-25,-20.0,2895.38
3475,2019-04-25,-3.3,2892.08
3476,2019-04-25,-8.2,2883.88
3478,2019-04-25,27.0,610.88
3479,2019-04-26,-14.7,596.18
3480,2019-04-26,-175.0,421.18
3481,2019-04-27,-9.99,411.19
3482,2019-04-27,-9.5,401.69
3483,2019-04-27,-2.99,398.7
3484,2019-04-27,-4.7,394.0
3485,2019-04-27,-8.0,386.0
3486,2019-04-27,-6.0,380.0
3487,2019-04-30,-10.36,369.64
3488,2019-04-30,-8.1,361.54
3489,2019-04-30,-102.65,258.89
3491,2019-05-01,-59.0,399.89
3492,2019-05-01,-65.01,334.88
3493,2019-05-01,-15.5,319.38
3494,2019-05-01,-4.99,314.39
3495,2019-05-01,-34.7,279.69
3496,2019-05-01,-40.0,239.69
3497,2019-05-01,13.0,252.69
3498,2019-05-01,13.0,265.69
3499,2019-05-01,-40.0,225.69
3500,2019-05-02,-5.5,220.19
3501,2019-05-02,-4.99,215.2
3502,2019-05-02,-4.9,210.3
3503,2019-05-02,-29.0,181.3
3504,2019-05-02,250.0,431.3
3507,2019-05-03,-42.5,338.8
3508,2019-05-03,-20.0,318.8
3509,2019-05-03,-19.99,298.81
3510,2019-05-04,-3.5,295.31
3511,2019-05-04,-103.49,191.82
3512,2019-05-04,-2.5,189.32
3513,2019-05-04,-10.27,179.05
3514,2019-05-04,-39.0,140.05
3515,2019-05-04,-24.0,116.05
3516,2019-05-05,-20.0,96.05
3518,2019-05-07,-7.0,189.05
3519,2019-05-07,-12.99,176.06
3521,2019-05-07,-4.0,372.06
3522,2019-05-08,-13.9,358.16
3523,2019-05-08,-8.89,349.27
3524,2019-05-08,-4.0,345.27
3525,2019-05-08,-7.98,337.29
3526,2019-05-08,-2.1,335.19
3527,2019-05-08,100.0,435.19
3528,2019-05-08,2819.61,3254.8
3533,2019-05-09,-780.0,1050.93
3534,2019-05-09,-50.19,1000.74
3535,2019-05-09,-28.15,972.59
3536,2019-05-09,-1.5,971.09
3537,2019-05-09,-0.9,970.19
3538,2019-05-09,-2.0,968.19
3539,2019-05-09,-69.0,899.19
3540,2019-05-09,-1.0,898.19
3541,2019-05-09,1.0,899.19
3542,2019-05-09,-33.59,865.6
3543,2019-05-09,-11.5,854.1
3544,2019-05-10,-20.55,833.55
3545,2019-05-10,-8.0,825.55
3546,2019-05-10,-22.0,803.55
3547,2019-05-10,-12.0,791.55
3548,2019-05-11,-13.3,778.25
3549,2019-05-11,-59.9,718.35
3550,2019-05-13,-3.0,715.35
3551,2019-05-13,-9.5,705.85
3552,2019-05-14,-7.0,698.85
3553,2019-05-14,-9.0,689.85
3554,2019-05-14,-24.99,664.86
3555,2019-05-14,-7.0,657.86
3556,2019-05-14,-6.7,651.16
3557,2019-05-15,-18.29,632.87
3558,2019-05-15,-11.99,620.88
3559,2019-05-15,-10.53,610.35
3560,2019-05-15,-8.0,602.35
3561,2019-05-15,-20.0,582.35
3562,2019-05-15,-1.49,580.86
